run,timestep,r_A,fraction
nvt300_hold_extended_contained,0,0.5,0.00036666666666666667
nvt300_hold_extended_contained,0,1.5,0.0007666666666666667
nvt300_hold_extended_contained,0,2.5,0.0013666666666666666
nvt300_hold_extended_contained,0,3.5,0.0016666666666666668
nvt300_hold_extended_contained,0,4.5,0.0024
nvt300_hold_extended_contained,0,5.5,0.002266666666666667
nvt300_hold_extended_contained,0,6.5,0.003266666666666667
nvt300_hold_extended_contained,0,7.5,0.003833333333333333
nvt300_hold_extended_contained,0,8.5,0.004266666666666667
nvt300_hold_extended_contained,0,9.5,0.0044666666666666665
nvt300_hold_extended_contained,0,10.5,0.005666666666666667
nvt300_hold_extended_contained,0,11.5,0.005833333333333334
nvt300_hold_extended_contained,0,12.5,0.005833333333333334
nvt300_hold_extended_contained,0,13.5,0.006866666666666667
nvt300_hold_extended_contained,0,14.5,0.007
nvt300_hold_extended_contained,0,15.5,0.0073
nvt300_hold_extended_contained,0,16.5,0.008333333333333333
nvt300_hold_extended_contained,0,17.5,0.0079
nvt300_hold_extended_contained,0,18.5,0.009
nvt300_hold_extended_contained,0,19.5,0.0104
nvt300_hold_extended_contained,0,20.5,0.010166666666666666
nvt300_hold_extended_contained,0,21.5,0.0106
nvt300_hold_extended_contained,0,22.5,0.011666666666666667
nvt300_hold_extended_contained,0,23.5,0.0115
nvt300_hold_extended_contained,0,24.5,0.0126
nvt300_hold_extended_contained,0,25.5,0.012066666666666667
nvt300_hold_extended_contained,0,26.5,0.013333333333333334
nvt300_hold_extended_contained,0,27.5,0.0141
nvt300_hold_extended_contained,0,28.5,0.0141
nvt300_hold_extended_contained,0,29.5,0.014766666666666668
nvt300_hold_extended_contained,0,30.5,0.0146
nvt300_hold_extended_contained,0,31.5,0.0155
nvt300_hold_extended_contained,0,32.5,0.0151
nvt300_hold_extended_contained,0,33.5,0.018166666666666668
nvt300_hold_extended_contained,0,34.5,0.0167
nvt300_hold_extended_contained,0,35.5,0.0164
nvt300_hold_extended_contained,0,36.5,0.0201
nvt300_hold_extended_contained,0,37.5,0.0173
nvt300_hold_extended_contained,0,38.5,0.0198
nvt300_hold_extended_contained,0,39.5,0.0179
nvt300_hold_extended_contained,0,40.5,0.020433333333333335
nvt300_hold_extended_contained,0,41.5,0.019
nvt300_hold_extended_contained,0,42.5,0.019966666666666667
nvt300_hold_extended_contained,0,43.5,0.0221
nvt300_hold_extended_contained,0,44.5,0.0218
nvt300_hold_extended_contained,0,45.5,0.022766666666666668
nvt300_hold_extended_contained,0,46.5,0.023033333333333333
nvt300_hold_extended_contained,0,47.5,0.024833333333333332
nvt300_hold_extended_contained,0,48.5,0.024566666666666667
nvt300_hold_extended_contained,0,49.5,0.025566666666666668
nvt300_hold_extended_contained,0,50.5,0.027
nvt300_hold_extended_contained,0,51.5,0.028233333333333333
nvt300_hold_extended_contained,0,52.5,0.02896666666666667
nvt300_hold_extended_contained,0,53.5,0.029633333333333334
nvt300_hold_extended_contained,0,54.5,0.0298
nvt300_hold_extended_contained,0,55.5,0.030433333333333333
nvt300_hold_extended_contained,0,56.5,0.0296
nvt300_hold_extended_contained,0,57.5,0.028666666666666667
nvt300_hold_extended_contained,0,58.5,0.0271
nvt300_hold_extended_contained,0,59.5,0.0234
nvt300_hold_extended_contained,0,60.5,0.019466666666666667
nvt300_hold_extended_contained,0,61.5,0.016533333333333334
nvt300_hold_extended_contained,0,62.5,0.0132
nvt300_hold_extended_contained,0,63.5,0.010033333333333333
nvt300_hold_extended_contained,0,64.5,0.008233333333333334
nvt300_hold_extended_contained,0,65.5,0.0067666666666666665
nvt300_hold_extended_contained,0,66.5,0.005266666666666667
nvt300_hold_extended_contained,0,67.5,0.009833333333333333
nvt300_hold_extended_contained,0,68.5,0.004366666666666666
nvt300_hold_extended_contained,0,69.5,0.0025
nvt300_hold_extended_contained,0,70.5,0.0008
nvt300_hold_extended_contained,0,71.5,0.0004
nvt300_hold_extended_contained,0,72.5,0.0004
nvt300_hold_extended_contained,0,73.5,3.3333333333333335e-05
nvt300_hold_extended_contained,0,74.5,0.0
nvt300_hold_extended_contained,0,75.5,0.0
nvt300_hold_extended_contained,0,76.5,0.0
nvt300_hold_extended_contained,0,77.5,0.0
nvt300_hold_extended_contained,0,78.5,0.0
nvt300_hold_extended_contained,0,79.5,0.0
nvt300_hold_extended_contained,1000,0.5,0.0002666666666666667
nvt300_hold_extended_contained,1000,1.5,0.0008333333333333334
nvt300_hold_extended_contained,1000,2.5,0.0012
nvt300_hold_extended_contained,1000,3.5,0.0017333333333333333
nvt300_hold_extended_contained,1000,4.5,0.0023
nvt300_hold_extended_contained,1000,5.5,0.0026
nvt300_hold_extended_contained,1000,6.5,0.0031666666666666666
nvt300_hold_extended_contained,1000,7.5,0.0035
nvt300_hold_extended_contained,1000,8.5,0.0047666666666666664
nvt300_hold_extended_contained,1000,9.5,0.0042
nvt300_hold_extended_contained,1000,10.5,0.005666666666666667
nvt300_hold_extended_contained,1000,11.5,0.005866666666666667
nvt300_hold_extended_contained,1000,12.5,0.0061
nvt300_hold_extended_contained,1000,13.5,0.0071
nvt300_hold_extended_contained,1000,14.5,0.0067
nvt300_hold_extended_contained,1000,15.5,0.0074333333333333335
nvt300_hold_extended_contained,1000,16.5,0.007866666666666666
nvt300_hold_extended_contained,1000,17.5,0.0082
nvt300_hold_extended_contained,1000,18.5,0.009033333333333334
nvt300_hold_extended_contained,1000,19.5,0.0101
nvt300_hold_extended_contained,1000,20.5,0.010433333333333333
nvt300_hold_extended_contained,1000,21.5,0.010766666666666667
nvt300_hold_extended_contained,1000,22.5,0.0114
nvt300_hold_extended_contained,1000,23.5,0.0117
nvt300_hold_extended_contained,1000,24.5,0.012533333333333334
nvt300_hold_extended_contained,1000,25.5,0.0122
nvt300_hold_extended_contained,1000,26.5,0.013
nvt300_hold_extended_contained,1000,27.5,0.014666666666666666
nvt300_hold_extended_contained,1000,28.5,0.0137
nvt300_hold_extended_contained,1000,29.5,0.0149
nvt300_hold_extended_contained,1000,30.5,0.0147
nvt300_hold_extended_contained,1000,31.5,0.015466666666666667
nvt300_hold_extended_contained,1000,32.5,0.015333333333333332
nvt300_hold_extended_contained,1000,33.5,0.018033333333333332
nvt300_hold_extended_contained,1000,34.5,0.0167
nvt300_hold_extended_contained,1000,35.5,0.016966666666666668
nvt300_hold_extended_contained,1000,36.5,0.019133333333333332
nvt300_hold_extended_contained,1000,37.5,0.0183
nvt300_hold_extended_contained,1000,38.5,0.019
nvt300_hold_extended_contained,1000,39.5,0.018866666666666667
nvt300_hold_extended_contained,1000,40.5,0.0196
nvt300_hold_extended_contained,1000,41.5,0.018966666666666666
nvt300_hold_extended_contained,1000,42.5,0.0209
nvt300_hold_extended_contained,1000,43.5,0.0213
nvt300_hold_extended_contained,1000,44.5,0.022433333333333333
nvt300_hold_extended_contained,1000,45.5,0.022333333333333334
nvt300_hold_extended_contained,1000,46.5,0.0237
nvt300_hold_extended_contained,1000,47.5,0.025233333333333333
nvt300_hold_extended_contained,1000,48.5,0.0242
nvt300_hold_extended_contained,1000,49.5,0.026033333333333332
nvt300_hold_extended_contained,1000,50.5,0.027266666666666668
nvt300_hold_extended_contained,1000,51.5,0.027466666666666667
nvt300_hold_extended_contained,1000,52.5,0.029566666666666668
nvt300_hold_extended_contained,1000,53.5,0.029466666666666665
nvt300_hold_extended_contained,1000,54.5,0.0291
nvt300_hold_extended_contained,1000,55.5,0.030466666666666666
nvt300_hold_extended_contained,1000,56.5,0.0295
nvt300_hold_extended_contained,1000,57.5,0.029233333333333333
nvt300_hold_extended_contained,1000,58.5,0.025866666666666666
nvt300_hold_extended_contained,1000,59.5,0.022933333333333333
nvt300_hold_extended_contained,1000,60.5,0.0197
nvt300_hold_extended_contained,1000,61.5,0.0165
nvt300_hold_extended_contained,1000,62.5,0.0131
nvt300_hold_extended_contained,1000,63.5,0.009733333333333333
nvt300_hold_extended_contained,1000,64.5,0.0082
nvt300_hold_extended_contained,1000,65.5,0.007066666666666666
nvt300_hold_extended_contained,1000,66.5,0.0053
nvt300_hold_extended_contained,1000,67.5,0.010133333333333333
nvt300_hold_extended_contained,1000,68.5,0.004233333333333334
nvt300_hold_extended_contained,1000,69.5,0.0022333333333333333
nvt300_hold_extended_contained,1000,70.5,0.0009
nvt300_hold_extended_contained,1000,71.5,0.00046666666666666666
nvt300_hold_extended_contained,1000,72.5,0.0004
nvt300_hold_extended_contained,1000,73.5,3.3333333333333335e-05
nvt300_hold_extended_contained,1000,74.5,0.0
nvt300_hold_extended_contained,1000,75.5,0.0
nvt300_hold_extended_contained,1000,76.5,0.0
nvt300_hold_extended_contained,1000,77.5,0.0
nvt300_hold_extended_contained,1000,78.5,0.0
nvt300_hold_extended_contained,1000,79.5,0.0
nvt300_hold_extended_contained,2000,0.5,0.00023333333333333333
nvt300_hold_extended_contained,2000,1.5,0.0009666666666666667
nvt300_hold_extended_contained,2000,2.5,0.0011333333333333334
nvt300_hold_extended_contained,2000,3.5,0.0019
nvt300_hold_extended_contained,2000,4.5,0.0022
nvt300_hold_extended_contained,2000,5.5,0.0027333333333333333
nvt300_hold_extended_contained,2000,6.5,0.0031
nvt300_hold_extended_contained,2000,7.5,0.0034333333333333334
nvt300_hold_extended_contained,2000,8.5,0.0047666666666666664
nvt300_hold_extended_contained,2000,9.5,0.004233333333333334
nvt300_hold_extended_contained,2000,10.5,0.005566666666666667
nvt300_hold_extended_contained,2000,11.5,0.005833333333333334
nvt300_hold_extended_contained,2000,12.5,0.0064333333333333334
nvt300_hold_extended_contained,2000,13.5,0.006633333333333333
nvt300_hold_extended_contained,2000,14.5,0.0066
nvt300_hold_extended_contained,2000,15.5,0.007533333333333334
nvt300_hold_extended_contained,2000,16.5,0.008066666666666666
nvt300_hold_extended_contained,2000,17.5,0.0083
nvt300_hold_extended_contained,2000,18.5,0.009133333333333334
nvt300_hold_extended_contained,2000,19.5,0.009566666666666666
nvt300_hold_extended_contained,2000,20.5,0.010566666666666667
nvt300_hold_extended_contained,2000,21.5,0.010766666666666667
nvt300_hold_extended_contained,2000,22.5,0.012566666666666667
nvt300_hold_extended_contained,2000,23.5,0.010866666666666667
nvt300_hold_extended_contained,2000,24.5,0.013033333333333333
nvt300_hold_extended_contained,2000,25.5,0.012133333333333333
nvt300_hold_extended_contained,2000,26.5,0.013033333333333333
nvt300_hold_extended_contained,2000,27.5,0.014066666666666667
nvt300_hold_extended_contained,2000,28.5,0.0141
nvt300_hold_extended_contained,2000,29.5,0.014633333333333333
nvt300_hold_extended_contained,2000,30.5,0.015433333333333334
nvt300_hold_extended_contained,2000,31.5,0.014933333333333333
nvt300_hold_extended_contained,2000,32.5,0.015366666666666667
nvt300_hold_extended_contained,2000,33.5,0.017866666666666666
nvt300_hold_extended_contained,2000,34.5,0.017
nvt300_hold_extended_contained,2000,35.5,0.0171
nvt300_hold_extended_contained,2000,36.5,0.018866666666666667
nvt300_hold_extended_contained,2000,37.5,0.017733333333333334
nvt300_hold_extended_contained,2000,38.5,0.020066666666666667
nvt300_hold_extended_contained,2000,39.5,0.018233333333333334
nvt300_hold_extended_contained,2000,40.5,0.020166666666666666
nvt300_hold_extended_contained,2000,41.5,0.019366666666666667
nvt300_hold_extended_contained,2000,42.5,0.02036666666666667
nvt300_hold_extended_contained,2000,43.5,0.021
nvt300_hold_extended_contained,2000,44.5,0.0227
nvt300_hold_extended_contained,2000,45.5,0.02266666666666667
nvt300_hold_extended_contained,2000,46.5,0.0236
nvt300_hold_extended_contained,2000,47.5,0.025333333333333333
nvt300_hold_extended_contained,2000,48.5,0.024266666666666666
nvt300_hold_extended_contained,2000,49.5,0.0251
nvt300_hold_extended_contained,2000,50.5,0.02723333333333333
nvt300_hold_extended_contained,2000,51.5,0.028266666666666666
nvt300_hold_extended_contained,2000,52.5,0.029366666666666666
nvt300_hold_extended_contained,2000,53.5,0.029533333333333335
nvt300_hold_extended_contained,2000,54.5,0.030233333333333334
nvt300_hold_extended_contained,2000,55.5,0.029866666666666666
nvt300_hold_extended_contained,2000,56.5,0.028733333333333333
nvt300_hold_extended_contained,2000,57.5,0.029766666666666667
nvt300_hold_extended_contained,2000,58.5,0.025866666666666666
nvt300_hold_extended_contained,2000,59.5,0.0225
nvt300_hold_extended_contained,2000,60.5,0.019866666666666668
nvt300_hold_extended_contained,2000,61.5,0.016233333333333332
nvt300_hold_extended_contained,2000,62.5,0.0128
nvt300_hold_extended_contained,2000,63.5,0.0096
nvt300_hold_extended_contained,2000,64.5,0.008333333333333333
nvt300_hold_extended_contained,2000,65.5,0.007066666666666666
nvt300_hold_extended_contained,2000,66.5,0.0051333333333333335
nvt300_hold_extended_contained,2000,67.5,0.010366666666666666
nvt300_hold_extended_contained,2000,68.5,0.003933333333333333
nvt300_hold_extended_contained,2000,69.5,0.0021666666666666666
nvt300_hold_extended_contained,2000,70.5,0.0009666666666666667
nvt300_hold_extended_contained,2000,71.5,0.0005
nvt300_hold_extended_contained,2000,72.5,0.00036666666666666667
nvt300_hold_extended_contained,2000,73.5,0.0
nvt300_hold_extended_contained,2000,74.5,0.0
nvt300_hold_extended_contained,2000,75.5,0.0
nvt300_hold_extended_contained,2000,76.5,0.0
nvt300_hold_extended_contained,2000,77.5,0.0
nvt300_hold_extended_contained,2000,78.5,0.0
nvt300_hold_extended_contained,2000,79.5,0.0
nvt300_hold_extended_contained,3000,0.5,0.0002
nvt300_hold_extended_contained,3000,1.5,0.0008666666666666666
nvt300_hold_extended_contained,3000,2.5,0.0013666666666666666
nvt300_hold_extended_contained,3000,3.5,0.0017666666666666666
nvt300_hold_extended_contained,3000,4.5,0.002266666666666667
nvt300_hold_extended_contained,3000,5.5,0.0028
nvt300_hold_extended_contained,3000,6.5,0.0030666666666666668
nvt300_hold_extended_contained,3000,7.5,0.0036333333333333335
nvt300_hold_extended_contained,3000,8.5,0.004566666666666667
nvt300_hold_extended_contained,3000,9.5,0.0045
nvt300_hold_extended_contained,3000,10.5,0.0054666666666666665
nvt300_hold_extended_contained,3000,11.5,0.005666666666666667
nvt300_hold_extended_contained,3000,12.5,0.006166666666666667
nvt300_hold_extended_contained,3000,13.5,0.0065
nvt300_hold_extended_contained,3000,14.5,0.0072
nvt300_hold_extended_contained,3000,15.5,0.007566666666666667
nvt300_hold_extended_contained,3000,16.5,0.008166666666666666
nvt300_hold_extended_contained,3000,17.5,0.008066666666666666
nvt300_hold_extended_contained,3000,18.5,0.0094
nvt300_hold_extended_contained,3000,19.5,0.0096
nvt300_hold_extended_contained,3000,20.5,0.010466666666666668
nvt300_hold_extended_contained,3000,21.5,0.010633333333333333
nvt300_hold_extended_contained,3000,22.5,0.012433333333333333
nvt300_hold_extended_contained,3000,23.5,0.010933333333333333
nvt300_hold_extended_contained,3000,24.5,0.013066666666666667
nvt300_hold_extended_contained,3000,25.5,0.0124
nvt300_hold_extended_contained,3000,26.5,0.013066666666666667
nvt300_hold_extended_contained,3000,27.5,0.0132
nvt300_hold_extended_contained,3000,28.5,0.0148
nvt300_hold_extended_contained,3000,29.5,0.015266666666666666
nvt300_hold_extended_contained,3000,30.5,0.014566666666666667
nvt300_hold_extended_contained,3000,31.5,0.0154
nvt300_hold_extended_contained,3000,32.5,0.015666666666666666
nvt300_hold_extended_contained,3000,33.5,0.017033333333333334
nvt300_hold_extended_contained,3000,34.5,0.0171
nvt300_hold_extended_contained,3000,35.5,0.0176
nvt300_hold_extended_contained,3000,36.5,0.019533333333333333
nvt300_hold_extended_contained,3000,37.5,0.018233333333333334
nvt300_hold_extended_contained,3000,38.5,0.018966666666666666
nvt300_hold_extended_contained,3000,39.5,0.0177
nvt300_hold_extended_contained,3000,40.5,0.02036666666666667
nvt300_hold_extended_contained,3000,41.5,0.02
nvt300_hold_extended_contained,3000,42.5,0.019833333333333335
nvt300_hold_extended_contained,3000,43.5,0.0224
nvt300_hold_extended_contained,3000,44.5,0.021133333333333334
nvt300_hold_extended_contained,3000,45.5,0.0231
nvt300_hold_extended_contained,3000,46.5,0.0235
nvt300_hold_extended_contained,3000,47.5,0.025166666666666667
nvt300_hold_extended_contained,3000,48.5,0.024233333333333332
nvt300_hold_extended_contained,3000,49.5,0.0261
nvt300_hold_extended_contained,3000,50.5,0.026866666666666667
nvt300_hold_extended_contained,3000,51.5,0.029066666666666668
nvt300_hold_extended_contained,3000,52.5,0.029366666666666666
nvt300_hold_extended_contained,3000,53.5,0.029733333333333334
nvt300_hold_extended_contained,3000,54.5,0.029633333333333334
nvt300_hold_extended_contained,3000,55.5,0.030366666666666667
nvt300_hold_extended_contained,3000,56.5,0.028933333333333332
nvt300_hold_extended_contained,3000,57.5,0.028466666666666668
nvt300_hold_extended_contained,3000,58.5,0.0256
nvt300_hold_extended_contained,3000,59.5,0.0226
nvt300_hold_extended_contained,3000,60.5,0.019466666666666667
nvt300_hold_extended_contained,3000,61.5,0.0161
nvt300_hold_extended_contained,3000,62.5,0.012966666666666666
nvt300_hold_extended_contained,3000,63.5,0.0092
nvt300_hold_extended_contained,3000,64.5,0.008133333333333333
nvt300_hold_extended_contained,3000,65.5,0.0075
nvt300_hold_extended_contained,3000,66.5,0.005
nvt300_hold_extended_contained,3000,67.5,0.009933333333333334
nvt300_hold_extended_contained,3000,68.5,0.0043
nvt300_hold_extended_contained,3000,69.5,0.0021
nvt300_hold_extended_contained,3000,70.5,0.0010333333333333334
nvt300_hold_extended_contained,3000,71.5,0.0004333333333333333
nvt300_hold_extended_contained,3000,72.5,0.0004333333333333333
nvt300_hold_extended_contained,3000,73.5,3.3333333333333335e-05
nvt300_hold_extended_contained,3000,74.5,0.0
nvt300_hold_extended_contained,3000,75.5,0.0
nvt300_hold_extended_contained,3000,76.5,0.0
nvt300_hold_extended_contained,3000,77.5,0.0
nvt300_hold_extended_contained,3000,78.5,0.0
nvt300_hold_extended_contained,3000,79.5,0.0
nvt300_hold_extended_contained,4000,0.5,0.00016666666666666666
nvt300_hold_extended_contained,4000,1.5,0.0009
nvt300_hold_extended_contained,4000,2.5,0.0014666666666666667
nvt300_hold_extended_contained,4000,3.5,0.0017
nvt300_hold_extended_contained,4000,4.5,0.0022
nvt300_hold_extended_contained,4000,5.5,0.0028666666666666667
nvt300_hold_extended_contained,4000,6.5,0.003
nvt300_hold_extended_contained,4000,7.5,0.0035666666666666668
nvt300_hold_extended_contained,4000,8.5,0.0047
nvt300_hold_extended_contained,4000,9.5,0.004333333333333333
nvt300_hold_extended_contained,4000,10.5,0.0056
nvt300_hold_extended_contained,4000,11.5,0.006033333333333333
nvt300_hold_extended_contained,4000,12.5,0.005833333333333334
nvt300_hold_extended_contained,4000,13.5,0.0066
nvt300_hold_extended_contained,4000,14.5,0.0075
nvt300_hold_extended_contained,4000,15.5,0.007233333333333333
nvt300_hold_extended_contained,4000,16.5,0.008266666666666667
nvt300_hold_extended_contained,4000,17.5,0.0083
nvt300_hold_extended_contained,4000,18.5,0.009366666666666667
nvt300_hold_extended_contained,4000,19.5,0.009266666666666666
nvt300_hold_extended_contained,4000,20.5,0.0106
nvt300_hold_extended_contained,4000,21.5,0.0109
nvt300_hold_extended_contained,4000,22.5,0.011633333333333334
nvt300_hold_extended_contained,4000,23.5,0.0115
nvt300_hold_extended_contained,4000,24.5,0.012666666666666666
nvt300_hold_extended_contained,4000,25.5,0.012866666666666667
nvt300_hold_extended_contained,4000,26.5,0.013166666666666667
nvt300_hold_extended_contained,4000,27.5,0.013733333333333334
nvt300_hold_extended_contained,4000,28.5,0.014266666666666667
nvt300_hold_extended_contained,4000,29.5,0.014666666666666666
nvt300_hold_extended_contained,4000,30.5,0.0151
nvt300_hold_extended_contained,4000,31.5,0.0151
nvt300_hold_extended_contained,4000,32.5,0.016133333333333333
nvt300_hold_extended_contained,4000,33.5,0.0169
nvt300_hold_extended_contained,4000,34.5,0.0169
nvt300_hold_extended_contained,4000,35.5,0.018133333333333335
nvt300_hold_extended_contained,4000,36.5,0.0194
nvt300_hold_extended_contained,4000,37.5,0.018133333333333335
nvt300_hold_extended_contained,4000,38.5,0.0189
nvt300_hold_extended_contained,4000,39.5,0.01863333333333333
nvt300_hold_extended_contained,4000,40.5,0.019766666666666665
nvt300_hold_extended_contained,4000,41.5,0.0198
nvt300_hold_extended_contained,4000,42.5,0.019866666666666668
nvt300_hold_extended_contained,4000,43.5,0.0223
nvt300_hold_extended_contained,4000,44.5,0.0217
nvt300_hold_extended_contained,4000,45.5,0.023766666666666665
nvt300_hold_extended_contained,4000,46.5,0.022966666666666666
nvt300_hold_extended_contained,4000,47.5,0.0248
nvt300_hold_extended_contained,4000,48.5,0.024433333333333335
nvt300_hold_extended_contained,4000,49.5,0.0256
nvt300_hold_extended_contained,4000,50.5,0.028433333333333335
nvt300_hold_extended_contained,4000,51.5,0.027866666666666668
nvt300_hold_extended_contained,4000,52.5,0.029733333333333334
nvt300_hold_extended_contained,4000,53.5,0.029633333333333334
nvt300_hold_extended_contained,4000,54.5,0.030533333333333332
nvt300_hold_extended_contained,4000,55.5,0.029433333333333332
nvt300_hold_extended_contained,4000,56.5,0.029066666666666668
nvt300_hold_extended_contained,4000,57.5,0.0285
nvt300_hold_extended_contained,4000,58.5,0.025433333333333332
nvt300_hold_extended_contained,4000,59.5,0.0219
nvt300_hold_extended_contained,4000,60.5,0.019566666666666666
nvt300_hold_extended_contained,4000,61.5,0.015533333333333333
nvt300_hold_extended_contained,4000,62.5,0.0132
nvt300_hold_extended_contained,4000,63.5,0.0094
nvt300_hold_extended_contained,4000,64.5,0.0083
nvt300_hold_extended_contained,4000,65.5,0.006466666666666667
nvt300_hold_extended_contained,4000,66.5,0.005866666666666667
nvt300_hold_extended_contained,4000,67.5,0.009733333333333333
nvt300_hold_extended_contained,4000,68.5,0.004033333333333333
nvt300_hold_extended_contained,4000,69.5,0.0022
nvt300_hold_extended_contained,4000,70.5,0.0010333333333333334
nvt300_hold_extended_contained,4000,71.5,0.0004
nvt300_hold_extended_contained,4000,72.5,0.0004333333333333333
nvt300_hold_extended_contained,4000,73.5,6.666666666666667e-05
nvt300_hold_extended_contained,4000,74.5,0.0
nvt300_hold_extended_contained,4000,75.5,0.0
nvt300_hold_extended_contained,4000,76.5,0.0
nvt300_hold_extended_contained,4000,77.5,0.0
nvt300_hold_extended_contained,4000,78.5,0.0
nvt300_hold_extended_contained,4000,79.5,0.0
nvt300_hold_extended_contained,5000,0.5,0.00016666666666666666
nvt300_hold_extended_contained,5000,1.5,0.0007666666666666667
nvt300_hold_extended_contained,5000,2.5,0.0015666666666666667
nvt300_hold_extended_contained,5000,3.5,0.0017666666666666666
nvt300_hold_extended_contained,5000,4.5,0.0023666666666666667
nvt300_hold_extended_contained,5000,5.5,0.0028333333333333335
nvt300_hold_extended_contained,5000,6.5,0.002766666666666667
nvt300_hold_extended_contained,5000,7.5,0.0035666666666666668
nvt300_hold_extended_contained,5000,8.5,0.0046
nvt300_hold_extended_contained,5000,9.5,0.004433333333333333
nvt300_hold_extended_contained,5000,10.5,0.0056
nvt300_hold_extended_contained,5000,11.5,0.0057666666666666665
nvt300_hold_extended_contained,5000,12.5,0.006333333333333333
nvt300_hold_extended_contained,5000,13.5,0.006366666666666666
nvt300_hold_extended_contained,5000,14.5,0.007866666666666666
nvt300_hold_extended_contained,5000,15.5,0.0072
nvt300_hold_extended_contained,5000,16.5,0.008133333333333333
nvt300_hold_extended_contained,5000,17.5,0.0081
nvt300_hold_extended_contained,5000,18.5,0.0094
nvt300_hold_extended_contained,5000,19.5,0.009233333333333333
nvt300_hold_extended_contained,5000,20.5,0.0107
nvt300_hold_extended_contained,5000,21.5,0.010833333333333334
nvt300_hold_extended_contained,5000,22.5,0.0115
nvt300_hold_extended_contained,5000,23.5,0.0124
nvt300_hold_extended_contained,5000,24.5,0.012966666666666666
nvt300_hold_extended_contained,5000,25.5,0.0118
nvt300_hold_extended_contained,5000,26.5,0.013233333333333333
nvt300_hold_extended_contained,5000,27.5,0.013666666666666667
nvt300_hold_extended_contained,5000,28.5,0.014033333333333333
nvt300_hold_extended_contained,5000,29.5,0.0152
nvt300_hold_extended_contained,5000,30.5,0.015333333333333332
nvt300_hold_extended_contained,5000,31.5,0.0151
nvt300_hold_extended_contained,5000,32.5,0.015933333333333334
nvt300_hold_extended_contained,5000,33.5,0.016733333333333333
nvt300_hold_extended_contained,5000,34.5,0.0171
nvt300_hold_extended_contained,5000,35.5,0.018233333333333334
nvt300_hold_extended_contained,5000,36.5,0.018866666666666667
nvt300_hold_extended_contained,5000,37.5,0.018766666666666668
nvt300_hold_extended_contained,5000,38.5,0.018533333333333332
nvt300_hold_extended_contained,5000,39.5,0.018866666666666667
nvt300_hold_extended_contained,5000,40.5,0.019366666666666667
nvt300_hold_extended_contained,5000,41.5,0.020133333333333333
nvt300_hold_extended_contained,5000,42.5,0.0204
nvt300_hold_extended_contained,5000,43.5,0.021833333333333333
nvt300_hold_extended_contained,5000,44.5,0.022
nvt300_hold_extended_contained,5000,45.5,0.023566666666666666
nvt300_hold_extended_contained,5000,46.5,0.023433333333333334
nvt300_hold_extended_contained,5000,47.5,0.0253
nvt300_hold_extended_contained,5000,48.5,0.0242
nvt300_hold_extended_contained,5000,49.5,0.025666666666666667
nvt300_hold_extended_contained,5000,50.5,0.0287
nvt300_hold_extended_contained,5000,51.5,0.026966666666666667
nvt300_hold_extended_contained,5000,52.5,0.029733333333333334
nvt300_hold_extended_contained,5000,53.5,0.0301
nvt300_hold_extended_contained,5000,54.5,0.0307
nvt300_hold_extended_contained,5000,55.5,0.029
nvt300_hold_extended_contained,5000,56.5,0.029466666666666665
nvt300_hold_extended_contained,5000,57.5,0.028066666666666667
nvt300_hold_extended_contained,5000,58.5,0.025866666666666666
nvt300_hold_extended_contained,5000,59.5,0.021766666666666667
nvt300_hold_extended_contained,5000,60.5,0.0184
nvt300_hold_extended_contained,5000,61.5,0.015533333333333333
nvt300_hold_extended_contained,5000,62.5,0.013266666666666666
nvt300_hold_extended_contained,5000,63.5,0.009866666666666666
nvt300_hold_extended_contained,5000,64.5,0.0077666666666666665
nvt300_hold_extended_contained,5000,65.5,0.006266666666666667
nvt300_hold_extended_contained,5000,66.5,0.006
nvt300_hold_extended_contained,5000,67.5,0.0099
nvt300_hold_extended_contained,5000,68.5,0.003966666666666667
nvt300_hold_extended_contained,5000,69.5,0.0022333333333333333
nvt300_hold_extended_contained,5000,70.5,0.0009666666666666667
nvt300_hold_extended_contained,5000,71.5,0.0005
nvt300_hold_extended_contained,5000,72.5,0.0004333333333333333
nvt300_hold_extended_contained,5000,73.5,0.0
nvt300_hold_extended_contained,5000,74.5,0.0
nvt300_hold_extended_contained,5000,75.5,0.0
nvt300_hold_extended_contained,5000,76.5,0.0
nvt300_hold_extended_contained,5000,77.5,0.0
nvt300_hold_extended_contained,5000,78.5,0.0
nvt300_hold_extended_contained,5000,79.5,0.0
nvt300_hold_extended_contained,6000,0.5,0.0002666666666666667
nvt300_hold_extended_contained,6000,1.5,0.0007
nvt300_hold_extended_contained,6000,2.5,0.0014
nvt300_hold_extended_contained,6000,3.5,0.0018666666666666666
nvt300_hold_extended_contained,6000,4.5,0.0024333333333333334
nvt300_hold_extended_contained,6000,5.5,0.0028333333333333335
nvt300_hold_extended_contained,6000,6.5,0.0025666666666666667
nvt300_hold_extended_contained,6000,7.5,0.0036666666666666666
nvt300_hold_extended_contained,6000,8.5,0.004833333333333334
nvt300_hold_extended_contained,6000,9.5,0.0043
nvt300_hold_extended_contained,6000,10.5,0.005433333333333333
nvt300_hold_extended_contained,6000,11.5,0.005733333333333333
nvt300_hold_extended_contained,6000,12.5,0.0063
nvt300_hold_extended_contained,6000,13.5,0.006633333333333333
nvt300_hold_extended_contained,6000,14.5,0.0076
nvt300_hold_extended_contained,6000,15.5,0.007333333333333333
nvt300_hold_extended_contained,6000,16.5,0.0085
nvt300_hold_extended_contained,6000,17.5,0.0078
nvt300_hold_extended_contained,6000,18.5,0.009133333333333334
nvt300_hold_extended_contained,6000,19.5,0.009733333333333333
nvt300_hold_extended_contained,6000,20.5,0.0108
nvt300_hold_extended_contained,6000,21.5,0.0106
nvt300_hold_extended_contained,6000,22.5,0.011666666666666667
nvt300_hold_extended_contained,6000,23.5,0.012566666666666667
nvt300_hold_extended_contained,6000,24.5,0.0124
nvt300_hold_extended_contained,6000,25.5,0.012266666666666667
nvt300_hold_extended_contained,6000,26.5,0.013433333333333334
nvt300_hold_extended_contained,6000,27.5,0.013633333333333334
nvt300_hold_extended_contained,6000,28.5,0.0144
nvt300_hold_extended_contained,6000,29.5,0.015133333333333334
nvt300_hold_extended_contained,6000,30.5,0.014366666666666666
nvt300_hold_extended_contained,6000,31.5,0.015266666666666666
nvt300_hold_extended_contained,6000,32.5,0.016633333333333333
nvt300_hold_extended_contained,6000,33.5,0.017133333333333334
nvt300_hold_extended_contained,6000,34.5,0.016933333333333335
nvt300_hold_extended_contained,6000,35.5,0.018333333333333333
nvt300_hold_extended_contained,6000,36.5,0.0189
nvt300_hold_extended_contained,6000,37.5,0.018266666666666667
nvt300_hold_extended_contained,6000,38.5,0.018533333333333332
nvt300_hold_extended_contained,6000,39.5,0.0186
nvt300_hold_extended_contained,6000,40.5,0.019766666666666665
nvt300_hold_extended_contained,6000,41.5,0.02036666666666667
nvt300_hold_extended_contained,6000,42.5,0.020633333333333333
nvt300_hold_extended_contained,6000,43.5,0.0206
nvt300_hold_extended_contained,6000,44.5,0.0228
nvt300_hold_extended_contained,6000,45.5,0.0231
nvt300_hold_extended_contained,6000,46.5,0.023433333333333334
nvt300_hold_extended_contained,6000,47.5,0.0257
nvt300_hold_extended_contained,6000,48.5,0.0244
nvt300_hold_extended_contained,6000,49.5,0.0256
nvt300_hold_extended_contained,6000,50.5,0.028566666666666667
nvt300_hold_extended_contained,6000,51.5,0.0272
nvt300_hold_extended_contained,6000,52.5,0.030166666666666668
nvt300_hold_extended_contained,6000,53.5,0.030366666666666667
nvt300_hold_extended_contained,6000,54.5,0.030333333333333334
nvt300_hold_extended_contained,6000,55.5,0.029
nvt300_hold_extended_contained,6000,56.5,0.030066666666666665
nvt300_hold_extended_contained,6000,57.5,0.026833333333333334
nvt300_hold_extended_contained,6000,58.5,0.026166666666666668
nvt300_hold_extended_contained,6000,59.5,0.021366666666666666
nvt300_hold_extended_contained,6000,60.5,0.019266666666666668
nvt300_hold_extended_contained,6000,61.5,0.015266666666666666
nvt300_hold_extended_contained,6000,62.5,0.0121
nvt300_hold_extended_contained,6000,63.5,0.009966666666666667
nvt300_hold_extended_contained,6000,64.5,0.007633333333333333
nvt300_hold_extended_contained,6000,65.5,0.006533333333333334
nvt300_hold_extended_contained,6000,66.5,0.0054666666666666665
nvt300_hold_extended_contained,6000,67.5,0.0102
nvt300_hold_extended_contained,6000,68.5,0.003933333333333333
nvt300_hold_extended_contained,6000,69.5,0.0022
nvt300_hold_extended_contained,6000,70.5,0.0012
nvt300_hold_extended_contained,6000,71.5,0.0004
nvt300_hold_extended_contained,6000,72.5,0.0004333333333333333
nvt300_hold_extended_contained,6000,73.5,0.0
nvt300_hold_extended_contained,6000,74.5,0.0
nvt300_hold_extended_contained,6000,75.5,0.0
nvt300_hold_extended_contained,6000,76.5,0.0
nvt300_hold_extended_contained,6000,77.5,0.0
nvt300_hold_extended_contained,6000,78.5,0.0
nvt300_hold_extended_contained,6000,79.5,0.0
nvt300_hold_extended_contained,7000,0.5,0.0003333333333333333
nvt300_hold_extended_contained,7000,1.5,0.0007
nvt300_hold_extended_contained,7000,2.5,0.0014
nvt300_hold_extended_contained,7000,3.5,0.0018333333333333333
nvt300_hold_extended_contained,7000,4.5,0.0023666666666666667
nvt300_hold_extended_contained,7000,5.5,0.0028666666666666667
nvt300_hold_extended_contained,7000,6.5,0.0027333333333333333
nvt300_hold_extended_contained,7000,7.5,0.0034666666666666665
nvt300_hold_extended_contained,7000,8.5,0.0046
nvt300_hold_extended_contained,7000,9.5,0.0046
nvt300_hold_extended_contained,7000,10.5,0.0054
nvt300_hold_extended_contained,7000,11.5,0.0062
nvt300_hold_extended_contained,7000,12.5,0.0061
nvt300_hold_extended_contained,7000,13.5,0.006666666666666667
nvt300_hold_extended_contained,7000,14.5,0.007333333333333333
nvt300_hold_extended_contained,7000,15.5,0.0074
nvt300_hold_extended_contained,7000,16.5,0.0083
nvt300_hold_extended_contained,7000,17.5,0.0078
nvt300_hold_extended_contained,7000,18.5,0.009566666666666666
nvt300_hold_extended_contained,7000,19.5,0.0092
nvt300_hold_extended_contained,7000,20.5,0.011033333333333332
nvt300_hold_extended_contained,7000,21.5,0.010833333333333334
nvt300_hold_extended_contained,7000,22.5,0.011833333333333333
nvt300_hold_extended_contained,7000,23.5,0.0122
nvt300_hold_extended_contained,7000,24.5,0.011866666666666666
nvt300_hold_extended_contained,7000,25.5,0.013066666666666667
nvt300_hold_extended_contained,7000,26.5,0.0133
nvt300_hold_extended_contained,7000,27.5,0.0139
nvt300_hold_extended_contained,7000,28.5,0.014333333333333333
nvt300_hold_extended_contained,7000,29.5,0.014866666666666667
nvt300_hold_extended_contained,7000,30.5,0.014866666666666667
nvt300_hold_extended_contained,7000,31.5,0.015166666666666667
nvt300_hold_extended_contained,7000,32.5,0.016233333333333332
nvt300_hold_extended_contained,7000,33.5,0.0169
nvt300_hold_extended_contained,7000,34.5,0.017833333333333333
nvt300_hold_extended_contained,7000,35.5,0.0179
nvt300_hold_extended_contained,7000,36.5,0.0188
nvt300_hold_extended_contained,7000,37.5,0.019033333333333333
nvt300_hold_extended_contained,7000,38.5,0.0181
nvt300_hold_extended_contained,7000,39.5,0.0188
nvt300_hold_extended_contained,7000,40.5,0.019533333333333333
nvt300_hold_extended_contained,7000,41.5,0.020266666666666665
nvt300_hold_extended_contained,7000,42.5,0.021033333333333334
nvt300_hold_extended_contained,7000,43.5,0.020866666666666665
nvt300_hold_extended_contained,7000,44.5,0.02263333333333333
nvt300_hold_extended_contained,7000,45.5,0.0232
nvt300_hold_extended_contained,7000,46.5,0.023066666666666666
nvt300_hold_extended_contained,7000,47.5,0.025266666666666666
nvt300_hold_extended_contained,7000,48.5,0.024966666666666668
nvt300_hold_extended_contained,7000,49.5,0.026333333333333334
nvt300_hold_extended_contained,7000,50.5,0.028133333333333333
nvt300_hold_extended_contained,7000,51.5,0.027866666666666668
nvt300_hold_extended_contained,7000,52.5,0.030166666666666668
nvt300_hold_extended_contained,7000,53.5,0.029566666666666668
nvt300_hold_extended_contained,7000,54.5,0.031066666666666666
nvt300_hold_extended_contained,7000,55.5,0.029
nvt300_hold_extended_contained,7000,56.5,0.0295
nvt300_hold_extended_contained,7000,57.5,0.0266
nvt300_hold_extended_contained,7000,58.5,0.026233333333333334
nvt300_hold_extended_contained,7000,59.5,0.021033333333333334
nvt300_hold_extended_contained,7000,60.5,0.018766666666666668
nvt300_hold_extended_contained,7000,61.5,0.015566666666666666
nvt300_hold_extended_contained,7000,62.5,0.0118
nvt300_hold_extended_contained,7000,63.5,0.0096
nvt300_hold_extended_contained,7000,64.5,0.007633333333333333
nvt300_hold_extended_contained,7000,65.5,0.0068
nvt300_hold_extended_contained,7000,66.5,0.0054666666666666665
nvt300_hold_extended_contained,7000,67.5,0.010033333333333333
nvt300_hold_extended_contained,7000,68.5,0.004166666666666667
nvt300_hold_extended_contained,7000,69.5,0.0018333333333333333
nvt300_hold_extended_contained,7000,70.5,0.0015
nvt300_hold_extended_contained,7000,71.5,0.0002666666666666667
nvt300_hold_extended_contained,7000,72.5,0.0005
nvt300_hold_extended_contained,7000,73.5,0.0
nvt300_hold_extended_contained,7000,74.5,0.0
nvt300_hold_extended_contained,7000,75.5,0.0
nvt300_hold_extended_contained,7000,76.5,0.0
nvt300_hold_extended_contained,7000,77.5,0.0
nvt300_hold_extended_contained,7000,78.5,0.0
nvt300_hold_extended_contained,7000,79.5,0.0
nvt300_hold_extended_contained,8000,0.5,0.0004
nvt300_hold_extended_contained,8000,1.5,0.0006333333333333333
nvt300_hold_extended_contained,8000,2.5,0.0015
nvt300_hold_extended_contained,8000,3.5,0.0019
nvt300_hold_extended_contained,8000,4.5,0.0023333333333333335
nvt300_hold_extended_contained,8000,5.5,0.0025666666666666667
nvt300_hold_extended_contained,8000,6.5,0.0027
nvt300_hold_extended_contained,8000,7.5,0.004
nvt300_hold_extended_contained,8000,8.5,0.0041333333333333335
nvt300_hold_extended_contained,8000,9.5,0.0051333333333333335
nvt300_hold_extended_contained,8000,10.5,0.004833333333333334
nvt300_hold_extended_contained,8000,11.5,0.006366666666666666
nvt300_hold_extended_contained,8000,12.5,0.005866666666666667
nvt300_hold_extended_contained,8000,13.5,0.007033333333333333
nvt300_hold_extended_contained,8000,14.5,0.007366666666666666
nvt300_hold_extended_contained,8000,15.5,0.0074333333333333335
nvt300_hold_extended_contained,8000,16.5,0.0082
nvt300_hold_extended_contained,8000,17.5,0.008066666666666666
nvt300_hold_extended_contained,8000,18.5,0.009366666666666667
nvt300_hold_extended_contained,8000,19.5,0.0092
nvt300_hold_extended_contained,8000,20.5,0.010766666666666667
nvt300_hold_extended_contained,8000,21.5,0.011466666666666667
nvt300_hold_extended_contained,8000,22.5,0.0112
nvt300_hold_extended_contained,8000,23.5,0.0123
nvt300_hold_extended_contained,8000,24.5,0.012133333333333333
nvt300_hold_extended_contained,8000,25.5,0.0132
nvt300_hold_extended_contained,8000,26.5,0.013166666666666667
nvt300_hold_extended_contained,8000,27.5,0.013466666666666667
nvt300_hold_extended_contained,8000,28.5,0.014633333333333333
nvt300_hold_extended_contained,8000,29.5,0.015066666666666667
nvt300_hold_extended_contained,8000,30.5,0.014433333333333333
nvt300_hold_extended_contained,8000,31.5,0.015533333333333333
nvt300_hold_extended_contained,8000,32.5,0.0165
nvt300_hold_extended_contained,8000,33.5,0.0166
nvt300_hold_extended_contained,8000,34.5,0.0183
nvt300_hold_extended_contained,8000,35.5,0.0182
nvt300_hold_extended_contained,8000,36.5,0.018466666666666666
nvt300_hold_extended_contained,8000,37.5,0.019033333333333333
nvt300_hold_extended_contained,8000,38.5,0.0184
nvt300_hold_extended_contained,8000,39.5,0.0183
nvt300_hold_extended_contained,8000,40.5,0.019433333333333334
nvt300_hold_extended_contained,8000,41.5,0.020833333333333332
nvt300_hold_extended_contained,8000,42.5,0.020733333333333333
nvt300_hold_extended_contained,8000,43.5,0.021466666666666665
nvt300_hold_extended_contained,8000,44.5,0.022333333333333334
nvt300_hold_extended_contained,8000,45.5,0.022933333333333333
nvt300_hold_extended_contained,8000,46.5,0.024033333333333334
nvt300_hold_extended_contained,8000,47.5,0.024666666666666667
nvt300_hold_extended_contained,8000,48.5,0.0248
nvt300_hold_extended_contained,8000,49.5,0.0274
nvt300_hold_extended_contained,8000,50.5,0.0273
nvt300_hold_extended_contained,8000,51.5,0.028166666666666666
nvt300_hold_extended_contained,8000,52.5,0.030333333333333334
nvt300_hold_extended_contained,8000,53.5,0.0302
nvt300_hold_extended_contained,8000,54.5,0.0291
nvt300_hold_extended_contained,8000,55.5,0.0291
nvt300_hold_extended_contained,8000,56.5,0.029466666666666665
nvt300_hold_extended_contained,8000,57.5,0.027933333333333334
nvt300_hold_extended_contained,8000,58.5,0.024666666666666667
nvt300_hold_extended_contained,8000,59.5,0.021666666666666667
nvt300_hold_extended_contained,8000,60.5,0.018333333333333333
nvt300_hold_extended_contained,8000,61.5,0.015366666666666667
nvt300_hold_extended_contained,8000,62.5,0.012
nvt300_hold_extended_contained,8000,63.5,0.0097
nvt300_hold_extended_contained,8000,64.5,0.0077
nvt300_hold_extended_contained,8000,65.5,0.0061333333333333335
nvt300_hold_extended_contained,8000,66.5,0.0059
nvt300_hold_extended_contained,8000,67.5,0.009933333333333334
nvt300_hold_extended_contained,8000,68.5,0.003966666666666667
nvt300_hold_extended_contained,8000,69.5,0.0021
nvt300_hold_extended_contained,8000,70.5,0.0012666666666666666
nvt300_hold_extended_contained,8000,71.5,0.0004
nvt300_hold_extended_contained,8000,72.5,0.0004333333333333333
nvt300_hold_extended_contained,8000,73.5,0.0
nvt300_hold_extended_contained,8000,74.5,0.0
nvt300_hold_extended_contained,8000,75.5,0.0
nvt300_hold_extended_contained,8000,76.5,0.0
nvt300_hold_extended_contained,8000,77.5,0.0
nvt300_hold_extended_contained,8000,78.5,0.0
nvt300_hold_extended_contained,8000,79.5,0.0
nvt300_hold_extended_contained,9000,0.5,0.0003333333333333333
nvt300_hold_extended_contained,9000,1.5,0.0008
nvt300_hold_extended_contained,9000,2.5,0.0014
nvt300_hold_extended_contained,9000,3.5,0.0019
nvt300_hold_extended_contained,9000,4.5,0.0023
nvt300_hold_extended_contained,9000,5.5,0.0026333333333333334
nvt300_hold_extended_contained,9000,6.5,0.0028666666666666667
nvt300_hold_extended_contained,9000,7.5,0.0036333333333333335
nvt300_hold_extended_contained,9000,8.5,0.0044666666666666665
nvt300_hold_extended_contained,9000,9.5,0.004933333333333333
nvt300_hold_extended_contained,9000,10.5,0.004933333333333333
nvt300_hold_extended_contained,9000,11.5,0.006366666666666666
nvt300_hold_extended_contained,9000,12.5,0.005966666666666667
nvt300_hold_extended_contained,9000,13.5,0.007033333333333333
nvt300_hold_extended_contained,9000,14.5,0.007166666666666667
nvt300_hold_extended_contained,9000,15.5,0.007733333333333333
nvt300_hold_extended_contained,9000,16.5,0.0077666666666666665
nvt300_hold_extended_contained,9000,17.5,0.008033333333333333
nvt300_hold_extended_contained,9000,18.5,0.009933333333333334
nvt300_hold_extended_contained,9000,19.5,0.0092
nvt300_hold_extended_contained,9000,20.5,0.011066666666666667
nvt300_hold_extended_contained,9000,21.5,0.0108
nvt300_hold_extended_contained,9000,22.5,0.011666666666666667
nvt300_hold_extended_contained,9000,23.5,0.011933333333333334
nvt300_hold_extended_contained,9000,24.5,0.012433333333333333
nvt300_hold_extended_contained,9000,25.5,0.0134
nvt300_hold_extended_contained,9000,26.5,0.0129
nvt300_hold_extended_contained,9000,27.5,0.0135
nvt300_hold_extended_contained,9000,28.5,0.0143
nvt300_hold_extended_contained,9000,29.5,0.0151
nvt300_hold_extended_contained,9000,30.5,0.0149
nvt300_hold_extended_contained,9000,31.5,0.015933333333333334
nvt300_hold_extended_contained,9000,32.5,0.016366666666666668
nvt300_hold_extended_contained,9000,33.5,0.016866666666666665
nvt300_hold_extended_contained,9000,34.5,0.017766666666666667
nvt300_hold_extended_contained,9000,35.5,0.01806666666666667
nvt300_hold_extended_contained,9000,36.5,0.0188
nvt300_hold_extended_contained,9000,37.5,0.01863333333333333
nvt300_hold_extended_contained,9000,38.5,0.017866666666666666
nvt300_hold_extended_contained,9000,39.5,0.019666666666666666
nvt300_hold_extended_contained,9000,40.5,0.019233333333333335
nvt300_hold_extended_contained,9000,41.5,0.020266666666666665
nvt300_hold_extended_contained,9000,42.5,0.020933333333333335
nvt300_hold_extended_contained,9000,43.5,0.022033333333333332
nvt300_hold_extended_contained,9000,44.5,0.022133333333333335
nvt300_hold_extended_contained,9000,45.5,0.022766666666666668
nvt300_hold_extended_contained,9000,46.5,0.0243
nvt300_hold_extended_contained,9000,47.5,0.0247
nvt300_hold_extended_contained,9000,48.5,0.0251
nvt300_hold_extended_contained,9000,49.5,0.026766666666666668
nvt300_hold_extended_contained,9000,50.5,0.028
nvt300_hold_extended_contained,9000,51.5,0.0284
nvt300_hold_extended_contained,9000,52.5,0.030533333333333332
nvt300_hold_extended_contained,9000,53.5,0.0298
nvt300_hold_extended_contained,9000,54.5,0.0285
nvt300_hold_extended_contained,9000,55.5,0.0301
nvt300_hold_extended_contained,9000,56.5,0.028733333333333333
nvt300_hold_extended_contained,9000,57.5,0.0279
nvt300_hold_extended_contained,9000,58.5,0.0243
nvt300_hold_extended_contained,9000,59.5,0.021666666666666667
nvt300_hold_extended_contained,9000,60.5,0.017966666666666666
nvt300_hold_extended_contained,9000,61.5,0.014966666666666666
nvt300_hold_extended_contained,9000,62.5,0.012
nvt300_hold_extended_contained,9000,63.5,0.009433333333333334
nvt300_hold_extended_contained,9000,64.5,0.008366666666666666
nvt300_hold_extended_contained,9000,65.5,0.0057
nvt300_hold_extended_contained,9000,66.5,0.005866666666666667
nvt300_hold_extended_contained,9000,67.5,0.009733333333333333
nvt300_hold_extended_contained,9000,68.5,0.003933333333333333
nvt300_hold_extended_contained,9000,69.5,0.0024666666666666665
nvt300_hold_extended_contained,9000,70.5,0.0012
nvt300_hold_extended_contained,9000,71.5,0.0004333333333333333
nvt300_hold_extended_contained,9000,72.5,0.00036666666666666667
nvt300_hold_extended_contained,9000,73.5,3.3333333333333335e-05
nvt300_hold_extended_contained,9000,74.5,0.0
nvt300_hold_extended_contained,9000,75.5,0.0
nvt300_hold_extended_contained,9000,76.5,0.0
nvt300_hold_extended_contained,9000,77.5,0.0
nvt300_hold_extended_contained,9000,78.5,0.0
nvt300_hold_extended_contained,9000,79.5,0.0
nvt300_hold_extended_contained,10000,0.5,0.0002666666666666667
nvt300_hold_extended_contained,10000,1.5,0.0009
nvt300_hold_extended_contained,10000,2.5,0.0012666666666666666
nvt300_hold_extended_contained,10000,3.5,0.0019333333333333333
nvt300_hold_extended_contained,10000,4.5,0.0022
nvt300_hold_extended_contained,10000,5.5,0.002766666666666667
nvt300_hold_extended_contained,10000,6.5,0.003
nvt300_hold_extended_contained,10000,7.5,0.0036666666666666666
nvt300_hold_extended_contained,10000,8.5,0.004266666666666667
nvt300_hold_extended_contained,10000,9.5,0.0049
nvt300_hold_extended_contained,10000,10.5,0.005166666666666667
nvt300_hold_extended_contained,10000,11.5,0.0061
nvt300_hold_extended_contained,10000,12.5,0.006366666666666666
nvt300_hold_extended_contained,10000,13.5,0.006733333333333333
nvt300_hold_extended_contained,10000,14.5,0.007266666666666667
nvt300_hold_extended_contained,10000,15.5,0.0077
nvt300_hold_extended_contained,10000,16.5,0.007833333333333333
nvt300_hold_extended_contained,10000,17.5,0.008566666666666667
nvt300_hold_extended_contained,10000,18.5,0.0092
nvt300_hold_extended_contained,10000,19.5,0.009466666666666667
nvt300_hold_extended_contained,10000,20.5,0.0113
nvt300_hold_extended_contained,10000,21.5,0.010733333333333333
nvt300_hold_extended_contained,10000,22.5,0.011433333333333334
nvt300_hold_extended_contained,10000,23.5,0.012433333333333333
nvt300_hold_extended_contained,10000,24.5,0.012333333333333333
nvt300_hold_extended_contained,10000,25.5,0.013266666666666666
nvt300_hold_extended_contained,10000,26.5,0.012933333333333333
nvt300_hold_extended_contained,10000,27.5,0.0135
nvt300_hold_extended_contained,10000,28.5,0.014866666666666667
nvt300_hold_extended_contained,10000,29.5,0.015066666666666667
nvt300_hold_extended_contained,10000,30.5,0.0147
nvt300_hold_extended_contained,10000,31.5,0.015366666666666667
nvt300_hold_extended_contained,10000,32.5,0.016466666666666668
nvt300_hold_extended_contained,10000,33.5,0.0171
nvt300_hold_extended_contained,10000,34.5,0.0176
nvt300_hold_extended_contained,10000,35.5,0.0184
nvt300_hold_extended_contained,10000,36.5,0.018433333333333333
nvt300_hold_extended_contained,10000,37.5,0.018533333333333332
nvt300_hold_extended_contained,10000,38.5,0.019833333333333335
nvt300_hold_extended_contained,10000,39.5,0.0184
nvt300_hold_extended_contained,10000,40.5,0.019
nvt300_hold_extended_contained,10000,41.5,0.020533333333333334
nvt300_hold_extended_contained,10000,42.5,0.021066666666666668
nvt300_hold_extended_contained,10000,43.5,0.0219
nvt300_hold_extended_contained,10000,44.5,0.022433333333333333
nvt300_hold_extended_contained,10000,45.5,0.0228
nvt300_hold_extended_contained,10000,46.5,0.024433333333333335
nvt300_hold_extended_contained,10000,47.5,0.0247
nvt300_hold_extended_contained,10000,48.5,0.025366666666666666
nvt300_hold_extended_contained,10000,49.5,0.027333333333333334
nvt300_hold_extended_contained,10000,50.5,0.0261
nvt300_hold_extended_contained,10000,51.5,0.030033333333333332
nvt300_hold_extended_contained,10000,52.5,0.029433333333333332
nvt300_hold_extended_contained,10000,53.5,0.029333333333333333
nvt300_hold_extended_contained,10000,54.5,0.029766666666666667
nvt300_hold_extended_contained,10000,55.5,0.029366666666666666
nvt300_hold_extended_contained,10000,56.5,0.0293
nvt300_hold_extended_contained,10000,57.5,0.027466666666666667
nvt300_hold_extended_contained,10000,58.5,0.024866666666666665
nvt300_hold_extended_contained,10000,59.5,0.0208
nvt300_hold_extended_contained,10000,60.5,0.017133333333333334
nvt300_hold_extended_contained,10000,61.5,0.015066666666666667
nvt300_hold_extended_contained,10000,62.5,0.0122
nvt300_hold_extended_contained,10000,63.5,0.009366666666666667
nvt300_hold_extended_contained,10000,64.5,0.0083
nvt300_hold_extended_contained,10000,65.5,0.005433333333333333
nvt300_hold_extended_contained,10000,66.5,0.005966666666666667
nvt300_hold_extended_contained,10000,67.5,0.0098
nvt300_hold_extended_contained,10000,68.5,0.003533333333333333
nvt300_hold_extended_contained,10000,69.5,0.0026666666666666666
nvt300_hold_extended_contained,10000,70.5,0.0014666666666666667
nvt300_hold_extended_contained,10000,71.5,0.00036666666666666667
nvt300_hold_extended_contained,10000,72.5,0.00036666666666666667
nvt300_hold_extended_contained,10000,73.5,3.3333333333333335e-05
nvt300_hold_extended_contained,10000,74.5,0.0
nvt300_hold_extended_contained,10000,75.5,0.0
nvt300_hold_extended_contained,10000,76.5,0.0
nvt300_hold_extended_contained,10000,77.5,0.0
nvt300_hold_extended_contained,10000,78.5,0.0
nvt300_hold_extended_contained,10000,79.5,0.0
nvt300_hold_extended_contained,11000,0.5,0.0003
nvt300_hold_extended_contained,11000,1.5,0.0008333333333333334
nvt300_hold_extended_contained,11000,2.5,0.0014333333333333333
nvt300_hold_extended_contained,11000,3.5,0.0016
nvt300_hold_extended_contained,11000,4.5,0.0023
nvt300_hold_extended_contained,11000,5.5,0.0028
nvt300_hold_extended_contained,11000,6.5,0.003033333333333333
nvt300_hold_extended_contained,11000,7.5,0.0035666666666666668
nvt300_hold_extended_contained,11000,8.5,0.004266666666666667
nvt300_hold_extended_contained,11000,9.5,0.005033333333333333
nvt300_hold_extended_contained,11000,10.5,0.005233333333333334
nvt300_hold_extended_contained,11000,11.5,0.006
nvt300_hold_extended_contained,11000,12.5,0.0067
nvt300_hold_extended_contained,11000,13.5,0.0064333333333333334
nvt300_hold_extended_contained,11000,14.5,0.0075
nvt300_hold_extended_contained,11000,15.5,0.007366666666666666
nvt300_hold_extended_contained,11000,16.5,0.008
nvt300_hold_extended_contained,11000,17.5,0.008566666666666667
nvt300_hold_extended_contained,11000,18.5,0.008833333333333334
nvt300_hold_extended_contained,11000,19.5,0.009533333333333333
nvt300_hold_extended_contained,11000,20.5,0.0113
nvt300_hold_extended_contained,11000,21.5,0.011166666666666667
nvt300_hold_extended_contained,11000,22.5,0.011766666666666667
nvt300_hold_extended_contained,11000,23.5,0.012133333333333333
nvt300_hold_extended_contained,11000,24.5,0.012333333333333333
nvt300_hold_extended_contained,11000,25.5,0.013366666666666667
nvt300_hold_extended_contained,11000,26.5,0.013066666666666667
nvt300_hold_extended_contained,11000,27.5,0.013266666666666666
nvt300_hold_extended_contained,11000,28.5,0.0151
nvt300_hold_extended_contained,11000,29.5,0.015033333333333333
nvt300_hold_extended_contained,11000,30.5,0.014633333333333333
nvt300_hold_extended_contained,11000,31.5,0.015566666666666666
nvt300_hold_extended_contained,11000,32.5,0.016266666666666665
nvt300_hold_extended_contained,11000,33.5,0.016933333333333335
nvt300_hold_extended_contained,11000,34.5,0.0178
nvt300_hold_extended_contained,11000,35.5,0.01863333333333333
nvt300_hold_extended_contained,11000,36.5,0.0186
nvt300_hold_extended_contained,11000,37.5,0.019166666666666665
nvt300_hold_extended_contained,11000,38.5,0.018433333333333333
nvt300_hold_extended_contained,11000,39.5,0.018833333333333334
nvt300_hold_extended_contained,11000,40.5,0.0193
nvt300_hold_extended_contained,11000,41.5,0.0205
nvt300_hold_extended_contained,11000,42.5,0.0213
nvt300_hold_extended_contained,11000,43.5,0.022133333333333335
nvt300_hold_extended_contained,11000,44.5,0.0216
nvt300_hold_extended_contained,11000,45.5,0.023266666666666668
nvt300_hold_extended_contained,11000,46.5,0.0239
nvt300_hold_extended_contained,11000,47.5,0.025466666666666665
nvt300_hold_extended_contained,11000,48.5,0.025566666666666668
nvt300_hold_extended_contained,11000,49.5,0.0268
nvt300_hold_extended_contained,11000,50.5,0.027466666666666667
nvt300_hold_extended_contained,11000,51.5,0.029166666666666667
nvt300_hold_extended_contained,11000,52.5,0.029633333333333334
nvt300_hold_extended_contained,11000,53.5,0.0297
nvt300_hold_extended_contained,11000,54.5,0.029533333333333335
nvt300_hold_extended_contained,11000,55.5,0.029133333333333334
nvt300_hold_extended_contained,11000,56.5,0.029166666666666667
nvt300_hold_extended_contained,11000,57.5,0.026366666666666667
nvt300_hold_extended_contained,11000,58.5,0.0259
nvt300_hold_extended_contained,11000,59.5,0.02033333333333333
nvt300_hold_extended_contained,11000,60.5,0.0173
nvt300_hold_extended_contained,11000,61.5,0.0141
nvt300_hold_extended_contained,11000,62.5,0.012766666666666667
nvt300_hold_extended_contained,11000,63.5,0.008866666666666667
nvt300_hold_extended_contained,11000,64.5,0.008266666666666667
nvt300_hold_extended_contained,11000,65.5,0.005566666666666667
nvt300_hold_extended_contained,11000,66.5,0.006033333333333333
nvt300_hold_extended_contained,11000,67.5,0.0097
nvt300_hold_extended_contained,11000,68.5,0.0034
nvt300_hold_extended_contained,11000,69.5,0.002766666666666667
nvt300_hold_extended_contained,11000,70.5,0.0014333333333333333
nvt300_hold_extended_contained,11000,71.5,0.00046666666666666666
nvt300_hold_extended_contained,11000,72.5,0.00036666666666666667
nvt300_hold_extended_contained,11000,73.5,0.0
nvt300_hold_extended_contained,11000,74.5,0.0
nvt300_hold_extended_contained,11000,75.5,0.0
nvt300_hold_extended_contained,11000,76.5,0.0
nvt300_hold_extended_contained,11000,77.5,0.0
nvt300_hold_extended_contained,11000,78.5,0.0
nvt300_hold_extended_contained,11000,79.5,0.0
nvt300_hold_extended_contained,12000,0.5,0.0003333333333333333
nvt300_hold_extended_contained,12000,1.5,0.0008
nvt300_hold_extended_contained,12000,2.5,0.0014666666666666667
nvt300_hold_extended_contained,12000,3.5,0.0016666666666666668
nvt300_hold_extended_contained,12000,4.5,0.0024
nvt300_hold_extended_contained,12000,5.5,0.0026
nvt300_hold_extended_contained,12000,6.5,0.0030666666666666668
nvt300_hold_extended_contained,12000,7.5,0.0036333333333333335
nvt300_hold_extended_contained,12000,8.5,0.0045
nvt300_hold_extended_contained,12000,9.5,0.005
nvt300_hold_extended_contained,12000,10.5,0.004533333333333334
nvt300_hold_extended_contained,12000,11.5,0.006566666666666667
nvt300_hold_extended_contained,12000,12.5,0.0064333333333333334
nvt300_hold_extended_contained,12000,13.5,0.006866666666666667
nvt300_hold_extended_contained,12000,14.5,0.007233333333333333
nvt300_hold_extended_contained,12000,15.5,0.007366666666666666
nvt300_hold_extended_contained,12000,16.5,0.0081
nvt300_hold_extended_contained,12000,17.5,0.008566666666666667
nvt300_hold_extended_contained,12000,18.5,0.009233333333333333
nvt300_hold_extended_contained,12000,19.5,0.009766666666666667
nvt300_hold_extended_contained,12000,20.5,0.0105
nvt300_hold_extended_contained,12000,21.5,0.011366666666666667
nvt300_hold_extended_contained,12000,22.5,0.011766666666666667
nvt300_hold_extended_contained,12000,23.5,0.011933333333333334
nvt300_hold_extended_contained,12000,24.5,0.012466666666666666
nvt300_hold_extended_contained,12000,25.5,0.013233333333333333
nvt300_hold_extended_contained,12000,26.5,0.012733333333333333
nvt300_hold_extended_contained,12000,27.5,0.013766666666666667
nvt300_hold_extended_contained,12000,28.5,0.014933333333333333
nvt300_hold_extended_contained,12000,29.5,0.0148
nvt300_hold_extended_contained,12000,30.5,0.0151
nvt300_hold_extended_contained,12000,31.5,0.015966666666666667
nvt300_hold_extended_contained,12000,32.5,0.016633333333333333
nvt300_hold_extended_contained,12000,33.5,0.0163
nvt300_hold_extended_contained,12000,34.5,0.018533333333333332
nvt300_hold_extended_contained,12000,35.5,0.017866666666666666
nvt300_hold_extended_contained,12000,36.5,0.0188
nvt300_hold_extended_contained,12000,37.5,0.019066666666666666
nvt300_hold_extended_contained,12000,38.5,0.017733333333333334
nvt300_hold_extended_contained,12000,39.5,0.020166666666666666
nvt300_hold_extended_contained,12000,40.5,0.0193
nvt300_hold_extended_contained,12000,41.5,0.020866666666666665
nvt300_hold_extended_contained,12000,42.5,0.020666666666666667
nvt300_hold_extended_contained,12000,43.5,0.0215
nvt300_hold_extended_contained,12000,44.5,0.022366666666666667
nvt300_hold_extended_contained,12000,45.5,0.023133333333333332
nvt300_hold_extended_contained,12000,46.5,0.024366666666666665
nvt300_hold_extended_contained,12000,47.5,0.025333333333333333
nvt300_hold_extended_contained,12000,48.5,0.025666666666666667
nvt300_hold_extended_contained,12000,49.5,0.027133333333333332
nvt300_hold_extended_contained,12000,50.5,0.0271
nvt300_hold_extended_contained,12000,51.5,0.029733333333333334
nvt300_hold_extended_contained,12000,52.5,0.029466666666666665
nvt300_hold_extended_contained,12000,53.5,0.029233333333333333
nvt300_hold_extended_contained,12000,54.5,0.030533333333333332
nvt300_hold_extended_contained,12000,55.5,0.029633333333333334
nvt300_hold_extended_contained,12000,56.5,0.0282
nvt300_hold_extended_contained,12000,57.5,0.026366666666666667
nvt300_hold_extended_contained,12000,58.5,0.024566666666666667
nvt300_hold_extended_contained,12000,59.5,0.020166666666666666
nvt300_hold_extended_contained,12000,60.5,0.0176
nvt300_hold_extended_contained,12000,61.5,0.0144
nvt300_hold_extended_contained,12000,62.5,0.011733333333333333
nvt300_hold_extended_contained,12000,63.5,0.0091
nvt300_hold_extended_contained,12000,64.5,0.0079
nvt300_hold_extended_contained,12000,65.5,0.006066666666666666
nvt300_hold_extended_contained,12000,66.5,0.0056
nvt300_hold_extended_contained,12000,67.5,0.009966666666666667
nvt300_hold_extended_contained,12000,68.5,0.0035
nvt300_hold_extended_contained,12000,69.5,0.002533333333333333
nvt300_hold_extended_contained,12000,70.5,0.0015666666666666667
nvt300_hold_extended_contained,12000,71.5,0.0004
nvt300_hold_extended_contained,12000,72.5,0.00046666666666666666
nvt300_hold_extended_contained,12000,73.5,3.3333333333333335e-05
nvt300_hold_extended_contained,12000,74.5,0.0
nvt300_hold_extended_contained,12000,75.5,0.0
nvt300_hold_extended_contained,12000,76.5,0.0
nvt300_hold_extended_contained,12000,77.5,0.0
nvt300_hold_extended_contained,12000,78.5,0.0
nvt300_hold_extended_contained,12000,79.5,0.0
nvt300_hold_extended_contained,13000,0.5,0.0003
nvt300_hold_extended_contained,13000,1.5,0.0008666666666666666
nvt300_hold_extended_contained,13000,2.5,0.0014333333333333333
nvt300_hold_extended_contained,13000,3.5,0.0016
nvt300_hold_extended_contained,13000,4.5,0.0024333333333333334
nvt300_hold_extended_contained,13000,5.5,0.0025
nvt300_hold_extended_contained,13000,6.5,0.003266666666666667
nvt300_hold_extended_contained,13000,7.5,0.0036
nvt300_hold_extended_contained,13000,8.5,0.0042
nvt300_hold_extended_contained,13000,9.5,0.005333333333333333
nvt300_hold_extended_contained,13000,10.5,0.004833333333333334
nvt300_hold_extended_contained,13000,11.5,0.006333333333333333
nvt300_hold_extended_contained,13000,12.5,0.006333333333333333
nvt300_hold_extended_contained,13000,13.5,0.0068
nvt300_hold_extended_contained,13000,14.5,0.007066666666666666
nvt300_hold_extended_contained,13000,15.5,0.007966666666666667
nvt300_hold_extended_contained,13000,16.5,0.007666666666666666
nvt300_hold_extended_contained,13000,17.5,0.0088
nvt300_hold_extended_contained,13000,18.5,0.009233333333333333
nvt300_hold_extended_contained,13000,19.5,0.009633333333333334
nvt300_hold_extended_contained,13000,20.5,0.010833333333333334
nvt300_hold_extended_contained,13000,21.5,0.0107
nvt300_hold_extended_contained,13000,22.5,0.012
nvt300_hold_extended_contained,13000,23.5,0.012466666666666666
nvt300_hold_extended_contained,13000,24.5,0.011966666666666667
nvt300_hold_extended_contained,13000,25.5,0.0137
nvt300_hold_extended_contained,13000,26.5,0.0127
nvt300_hold_extended_contained,13000,27.5,0.014
nvt300_hold_extended_contained,13000,28.5,0.014333333333333333
nvt300_hold_extended_contained,13000,29.5,0.015566666666666666
nvt300_hold_extended_contained,13000,30.5,0.0142
nvt300_hold_extended_contained,13000,31.5,0.016233333333333332
nvt300_hold_extended_contained,13000,32.5,0.0172
nvt300_hold_extended_contained,13000,33.5,0.0157
nvt300_hold_extended_contained,13000,34.5,0.018833333333333334
nvt300_hold_extended_contained,13000,35.5,0.0179
nvt300_hold_extended_contained,13000,36.5,0.019666666666666666
nvt300_hold_extended_contained,13000,37.5,0.018533333333333332
nvt300_hold_extended_contained,13000,38.5,0.017966666666666666
nvt300_hold_extended_contained,13000,39.5,0.0197
nvt300_hold_extended_contained,13000,40.5,0.019366666666666667
nvt300_hold_extended_contained,13000,41.5,0.020433333333333335
nvt300_hold_extended_contained,13000,42.5,0.021366666666666666
nvt300_hold_extended_contained,13000,43.5,0.021333333333333333
nvt300_hold_extended_contained,13000,44.5,0.022466666666666666
nvt300_hold_extended_contained,13000,45.5,0.0236
nvt300_hold_extended_contained,13000,46.5,0.024566666666666667
nvt300_hold_extended_contained,13000,47.5,0.024833333333333332
nvt300_hold_extended_contained,13000,48.5,0.025166666666666667
nvt300_hold_extended_contained,13000,49.5,0.027466666666666667
nvt300_hold_extended_contained,13000,50.5,0.028133333333333333
nvt300_hold_extended_contained,13000,51.5,0.029433333333333332
nvt300_hold_extended_contained,13000,52.5,0.0295
nvt300_hold_extended_contained,13000,53.5,0.029466666666666665
nvt300_hold_extended_contained,13000,54.5,0.029533333333333335
nvt300_hold_extended_contained,13000,55.5,0.029
nvt300_hold_extended_contained,13000,56.5,0.029433333333333332
nvt300_hold_extended_contained,13000,57.5,0.0259
nvt300_hold_extended_contained,13000,58.5,0.023866666666666668
nvt300_hold_extended_contained,13000,59.5,0.0201
nvt300_hold_extended_contained,13000,60.5,0.017666666666666667
nvt300_hold_extended_contained,13000,61.5,0.014
nvt300_hold_extended_contained,13000,62.5,0.0117
nvt300_hold_extended_contained,13000,63.5,0.0095
nvt300_hold_extended_contained,13000,64.5,0.007233333333333333
nvt300_hold_extended_contained,13000,65.5,0.0061
nvt300_hold_extended_contained,13000,66.5,0.0058
nvt300_hold_extended_contained,13000,67.5,0.009666666666666667
nvt300_hold_extended_contained,13000,68.5,0.0037333333333333333
nvt300_hold_extended_contained,13000,69.5,0.0026
nvt300_hold_extended_contained,13000,70.5,0.0017666666666666666
nvt300_hold_extended_contained,13000,71.5,0.0004
nvt300_hold_extended_contained,13000,72.5,0.00046666666666666666
nvt300_hold_extended_contained,13000,73.5,0.0
nvt300_hold_extended_contained,13000,74.5,0.0
nvt300_hold_extended_contained,13000,75.5,0.0
nvt300_hold_extended_contained,13000,76.5,0.0
nvt300_hold_extended_contained,13000,77.5,0.0
nvt300_hold_extended_contained,13000,78.5,0.0
nvt300_hold_extended_contained,13000,79.5,0.0
nvt300_hold_extended_contained,14000,0.5,0.0003
nvt300_hold_extended_contained,14000,1.5,0.0007666666666666667
nvt300_hold_extended_contained,14000,2.5,0.0015
nvt300_hold_extended_contained,14000,3.5,0.0016666666666666668
nvt300_hold_extended_contained,14000,4.5,0.0023666666666666667
nvt300_hold_extended_contained,14000,5.5,0.0027333333333333333
nvt300_hold_extended_contained,14000,6.5,0.0031666666666666666
nvt300_hold_extended_contained,14000,7.5,0.0035666666666666668
nvt300_hold_extended_contained,14000,8.5,0.004333333333333333
nvt300_hold_extended_contained,14000,9.5,0.0049
nvt300_hold_extended_contained,14000,10.5,0.0052
nvt300_hold_extended_contained,14000,11.5,0.0061333333333333335
nvt300_hold_extended_contained,14000,12.5,0.006466666666666667
nvt300_hold_extended_contained,14000,13.5,0.006566666666666667
nvt300_hold_extended_contained,14000,14.5,0.0075
nvt300_hold_extended_contained,14000,15.5,0.007866666666666666
nvt300_hold_extended_contained,14000,16.5,0.007466666666666667
nvt300_hold_extended_contained,14000,17.5,0.0091
nvt300_hold_extended_contained,14000,18.5,0.0091
nvt300_hold_extended_contained,14000,19.5,0.010066666666666666
nvt300_hold_extended_contained,14000,20.5,0.010066666666666666
nvt300_hold_extended_contained,14000,21.5,0.011066666666666667
nvt300_hold_extended_contained,14000,22.5,0.012466666666666666
nvt300_hold_extended_contained,14000,23.5,0.0118
nvt300_hold_extended_contained,14000,24.5,0.012766666666666667
nvt300_hold_extended_contained,14000,25.5,0.013066666666666667
nvt300_hold_extended_contained,14000,26.5,0.012533333333333334
nvt300_hold_extended_contained,14000,27.5,0.013866666666666666
nvt300_hold_extended_contained,14000,28.5,0.0156
nvt300_hold_extended_contained,14000,29.5,0.014766666666666668
nvt300_hold_extended_contained,14000,30.5,0.014333333333333333
nvt300_hold_extended_contained,14000,31.5,0.015933333333333334
nvt300_hold_extended_contained,14000,32.5,0.017566666666666668
nvt300_hold_extended_contained,14000,33.5,0.0162
nvt300_hold_extended_contained,14000,34.5,0.0185
nvt300_hold_extended_contained,14000,35.5,0.017866666666666666
nvt300_hold_extended_contained,14000,36.5,0.018833333333333334
nvt300_hold_extended_contained,14000,37.5,0.018966666666666666
nvt300_hold_extended_contained,14000,38.5,0.018533333333333332
nvt300_hold_extended_contained,14000,39.5,0.0196
nvt300_hold_extended_contained,14000,40.5,0.0189
nvt300_hold_extended_contained,14000,41.5,0.021033333333333334
nvt300_hold_extended_contained,14000,42.5,0.0217
nvt300_hold_extended_contained,14000,43.5,0.021933333333333332
nvt300_hold_extended_contained,14000,44.5,0.022433333333333333
nvt300_hold_extended_contained,14000,45.5,0.023133333333333332
nvt300_hold_extended_contained,14000,46.5,0.024366666666666665
nvt300_hold_extended_contained,14000,47.5,0.023966666666666667
nvt300_hold_extended_contained,14000,48.5,0.027166666666666665
nvt300_hold_extended_contained,14000,49.5,0.026566666666666666
nvt300_hold_extended_contained,14000,50.5,0.0279
nvt300_hold_extended_contained,14000,51.5,0.0295
nvt300_hold_extended_contained,14000,52.5,0.0295
nvt300_hold_extended_contained,14000,53.5,0.030366666666666667
nvt300_hold_extended_contained,14000,54.5,0.029866666666666666
nvt300_hold_extended_contained,14000,55.5,0.028866666666666665
nvt300_hold_extended_contained,14000,56.5,0.0295
nvt300_hold_extended_contained,14000,57.5,0.025066666666666668
nvt300_hold_extended_contained,14000,58.5,0.0232
nvt300_hold_extended_contained,14000,59.5,0.0206
nvt300_hold_extended_contained,14000,60.5,0.016466666666666668
nvt300_hold_extended_contained,14000,61.5,0.0141
nvt300_hold_extended_contained,14000,62.5,0.012166666666666666
nvt300_hold_extended_contained,14000,63.5,0.009
nvt300_hold_extended_contained,14000,64.5,0.0071333333333333335
nvt300_hold_extended_contained,14000,65.5,0.006366666666666666
nvt300_hold_extended_contained,14000,66.5,0.005233333333333334
nvt300_hold_extended_contained,14000,67.5,0.009833333333333333
nvt300_hold_extended_contained,14000,68.5,0.003833333333333333
nvt300_hold_extended_contained,14000,69.5,0.0026666666666666666
nvt300_hold_extended_contained,14000,70.5,0.0015333333333333334
nvt300_hold_extended_contained,14000,71.5,0.0005333333333333334
nvt300_hold_extended_contained,14000,72.5,0.00046666666666666666
nvt300_hold_extended_contained,14000,73.5,0.0
nvt300_hold_extended_contained,14000,74.5,0.0
nvt300_hold_extended_contained,14000,75.5,0.0
nvt300_hold_extended_contained,14000,76.5,0.0
nvt300_hold_extended_contained,14000,77.5,0.0
nvt300_hold_extended_contained,14000,78.5,0.0
nvt300_hold_extended_contained,14000,79.5,0.0
nvt300_hold_extended_contained,15000,0.5,0.0003
nvt300_hold_extended_contained,15000,1.5,0.0007666666666666667
nvt300_hold_extended_contained,15000,2.5,0.0013666666666666666
nvt300_hold_extended_contained,15000,3.5,0.0018333333333333333
nvt300_hold_extended_contained,15000,4.5,0.002533333333333333
nvt300_hold_extended_contained,15000,5.5,0.0026666666666666666
nvt300_hold_extended_contained,15000,6.5,0.0028
nvt300_hold_extended_contained,15000,7.5,0.004166666666666667
nvt300_hold_extended_contained,15000,8.5,0.004166666666666667
nvt300_hold_extended_contained,15000,9.5,0.0047666666666666664
nvt300_hold_extended_contained,15000,10.5,0.005233333333333334
nvt300_hold_extended_contained,15000,11.5,0.006233333333333333
nvt300_hold_extended_contained,15000,12.5,0.006033333333333333
nvt300_hold_extended_contained,15000,13.5,0.006933333333333333
nvt300_hold_extended_contained,15000,14.5,0.0075
nvt300_hold_extended_contained,15000,15.5,0.007933333333333334
nvt300_hold_extended_contained,15000,16.5,0.0074333333333333335
nvt300_hold_extended_contained,15000,17.5,0.009
nvt300_hold_extended_contained,15000,18.5,0.0094
nvt300_hold_extended_contained,15000,19.5,0.009733333333333333
nvt300_hold_extended_contained,15000,20.5,0.010166666666666666
nvt300_hold_extended_contained,15000,21.5,0.011433333333333334
nvt300_hold_extended_contained,15000,22.5,0.012
nvt300_hold_extended_contained,15000,23.5,0.012166666666666666
nvt300_hold_extended_contained,15000,24.5,0.0122
nvt300_hold_extended_contained,15000,25.5,0.0132
nvt300_hold_extended_contained,15000,26.5,0.012733333333333333
nvt300_hold_extended_contained,15000,27.5,0.014133333333333333
nvt300_hold_extended_contained,15000,28.5,0.015633333333333332
nvt300_hold_extended_contained,15000,29.5,0.0148
nvt300_hold_extended_contained,15000,30.5,0.0145
nvt300_hold_extended_contained,15000,31.5,0.015566666666666666
nvt300_hold_extended_contained,15000,32.5,0.017466666666666665
nvt300_hold_extended_contained,15000,33.5,0.016166666666666666
nvt300_hold_extended_contained,15000,34.5,0.019633333333333332
nvt300_hold_extended_contained,15000,35.5,0.017366666666666666
nvt300_hold_extended_contained,15000,36.5,0.018666666666666668
nvt300_hold_extended_contained,15000,37.5,0.0191
nvt300_hold_extended_contained,15000,38.5,0.018333333333333333
nvt300_hold_extended_contained,15000,39.5,0.019633333333333332
nvt300_hold_extended_contained,15000,40.5,0.0191
nvt300_hold_extended_contained,15000,41.5,0.0207
nvt300_hold_extended_contained,15000,42.5,0.021966666666666666
nvt300_hold_extended_contained,15000,43.5,0.021933333333333332
nvt300_hold_extended_contained,15000,44.5,0.022966666666666666
nvt300_hold_extended_contained,15000,45.5,0.0223
nvt300_hold_extended_contained,15000,46.5,0.0253
nvt300_hold_extended_contained,15000,47.5,0.024533333333333334
nvt300_hold_extended_contained,15000,48.5,0.026066666666666665
nvt300_hold_extended_contained,15000,49.5,0.027133333333333332
nvt300_hold_extended_contained,15000,50.5,0.0278
nvt300_hold_extended_contained,15000,51.5,0.030033333333333332
nvt300_hold_extended_contained,15000,52.5,0.029
nvt300_hold_extended_contained,15000,53.5,0.029766666666666667
nvt300_hold_extended_contained,15000,54.5,0.030033333333333332
nvt300_hold_extended_contained,15000,55.5,0.0302
nvt300_hold_extended_contained,15000,56.5,0.028433333333333335
nvt300_hold_extended_contained,15000,57.5,0.0249
nvt300_hold_extended_contained,15000,58.5,0.0229
nvt300_hold_extended_contained,15000,59.5,0.020533333333333334
nvt300_hold_extended_contained,15000,60.5,0.0165
nvt300_hold_extended_contained,15000,61.5,0.014266666666666667
nvt300_hold_extended_contained,15000,62.5,0.011466666666666667
nvt300_hold_extended_contained,15000,63.5,0.009
nvt300_hold_extended_contained,15000,64.5,0.007566666666666667
nvt300_hold_extended_contained,15000,65.5,0.005866666666666667
nvt300_hold_extended_contained,15000,66.5,0.004933333333333333
nvt300_hold_extended_contained,15000,67.5,0.0092
nvt300_hold_extended_contained,15000,68.5,0.004533333333333334
nvt300_hold_extended_contained,15000,69.5,0.0025666666666666667
nvt300_hold_extended_contained,15000,70.5,0.0018333333333333333
nvt300_hold_extended_contained,15000,71.5,0.0004333333333333333
nvt300_hold_extended_contained,15000,72.5,0.0005333333333333334
nvt300_hold_extended_contained,15000,73.5,0.0
nvt300_hold_extended_contained,15000,74.5,0.0
nvt300_hold_extended_contained,15000,75.5,0.0
nvt300_hold_extended_contained,15000,76.5,0.0
nvt300_hold_extended_contained,15000,77.5,0.0
nvt300_hold_extended_contained,15000,78.5,0.0
nvt300_hold_extended_contained,15000,79.5,0.0
nvt300_hold_extended_contained,16000,0.5,0.00016666666666666666
nvt300_hold_extended_contained,16000,1.5,0.0008666666666666666
nvt300_hold_extended_contained,16000,2.5,0.0013
nvt300_hold_extended_contained,16000,3.5,0.0019666666666666665
nvt300_hold_extended_contained,16000,4.5,0.0024666666666666665
nvt300_hold_extended_contained,16000,5.5,0.0027
nvt300_hold_extended_contained,16000,6.5,0.0028
nvt300_hold_extended_contained,16000,7.5,0.0039
nvt300_hold_extended_contained,16000,8.5,0.004433333333333333
nvt300_hold_extended_contained,16000,9.5,0.005033333333333333
nvt300_hold_extended_contained,16000,10.5,0.005033333333333333
nvt300_hold_extended_contained,16000,11.5,0.0061333333333333335
nvt300_hold_extended_contained,16000,12.5,0.006466666666666667
nvt300_hold_extended_contained,16000,13.5,0.006566666666666667
nvt300_hold_extended_contained,16000,14.5,0.007666666666666666
nvt300_hold_extended_contained,16000,15.5,0.008133333333333333
nvt300_hold_extended_contained,16000,16.5,0.007266666666666667
nvt300_hold_extended_contained,16000,17.5,0.009033333333333334
nvt300_hold_extended_contained,16000,18.5,0.009566666666666666
nvt300_hold_extended_contained,16000,19.5,0.009266666666666666
nvt300_hold_extended_contained,16000,20.5,0.010266666666666667
nvt300_hold_extended_contained,16000,21.5,0.011433333333333334
nvt300_hold_extended_contained,16000,22.5,0.012233333333333334
nvt300_hold_extended_contained,16000,23.5,0.011666666666666667
nvt300_hold_extended_contained,16000,24.5,0.0127
nvt300_hold_extended_contained,16000,25.5,0.012966666666666666
nvt300_hold_extended_contained,16000,26.5,0.013066666666666667
nvt300_hold_extended_contained,16000,27.5,0.014966666666666666
nvt300_hold_extended_contained,16000,28.5,0.0144
nvt300_hold_extended_contained,16000,29.5,0.015433333333333334
nvt300_hold_extended_contained,16000,30.5,0.0139
nvt300_hold_extended_contained,16000,31.5,0.0162
nvt300_hold_extended_contained,16000,32.5,0.017633333333333334
nvt300_hold_extended_contained,16000,33.5,0.016233333333333332
nvt300_hold_extended_contained,16000,34.5,0.018966666666666666
nvt300_hold_extended_contained,16000,35.5,0.017433333333333332
nvt300_hold_extended_contained,16000,36.5,0.019266666666666668
nvt300_hold_extended_contained,16000,37.5,0.018866666666666667
nvt300_hold_extended_contained,16000,38.5,0.018866666666666667
nvt300_hold_extended_contained,16000,39.5,0.0184
nvt300_hold_extended_contained,16000,40.5,0.0199
nvt300_hold_extended_contained,16000,41.5,0.021466666666666665
nvt300_hold_extended_contained,16000,42.5,0.0207
nvt300_hold_extended_contained,16000,43.5,0.0231
nvt300_hold_extended_contained,16000,44.5,0.022166666666666668
nvt300_hold_extended_contained,16000,45.5,0.023133333333333332
nvt300_hold_extended_contained,16000,46.5,0.0257
nvt300_hold_extended_contained,16000,47.5,0.023933333333333334
nvt300_hold_extended_contained,16000,48.5,0.026366666666666667
nvt300_hold_extended_contained,16000,49.5,0.026433333333333333
nvt300_hold_extended_contained,16000,50.5,0.02896666666666667
nvt300_hold_extended_contained,16000,51.5,0.0288
nvt300_hold_extended_contained,16000,52.5,0.0298
nvt300_hold_extended_contained,16000,53.5,0.030066666666666665
nvt300_hold_extended_contained,16000,54.5,0.029533333333333335
nvt300_hold_extended_contained,16000,55.5,0.029866666666666666
nvt300_hold_extended_contained,16000,56.5,0.028366666666666665
nvt300_hold_extended_contained,16000,57.5,0.024533333333333334
nvt300_hold_extended_contained,16000,58.5,0.023166666666666665
nvt300_hold_extended_contained,16000,59.5,0.0198
nvt300_hold_extended_contained,16000,60.5,0.017166666666666667
nvt300_hold_extended_contained,16000,61.5,0.013366666666666667
nvt300_hold_extended_contained,16000,62.5,0.0115
nvt300_hold_extended_contained,16000,63.5,0.009233333333333333
nvt300_hold_extended_contained,16000,64.5,0.007166666666666667
nvt300_hold_extended_contained,16000,65.5,0.0063
nvt300_hold_extended_contained,16000,66.5,0.004566666666666667
nvt300_hold_extended_contained,16000,67.5,0.009733333333333333
nvt300_hold_extended_contained,16000,68.5,0.004
nvt300_hold_extended_contained,16000,69.5,0.0027
nvt300_hold_extended_contained,16000,70.5,0.0017666666666666666
nvt300_hold_extended_contained,16000,71.5,0.00046666666666666666
nvt300_hold_extended_contained,16000,72.5,0.0005666666666666667
nvt300_hold_extended_contained,16000,73.5,0.0
nvt300_hold_extended_contained,16000,74.5,0.0
nvt300_hold_extended_contained,16000,75.5,0.0
nvt300_hold_extended_contained,16000,76.5,0.0
nvt300_hold_extended_contained,16000,77.5,0.0
nvt300_hold_extended_contained,16000,78.5,0.0
nvt300_hold_extended_contained,16000,79.5,0.0
nvt300_hold_extended_contained,17000,0.5,0.0003333333333333333
nvt300_hold_extended_contained,17000,1.5,0.0007333333333333333
nvt300_hold_extended_contained,17000,2.5,0.0014333333333333333
nvt300_hold_extended_contained,17000,3.5,0.0019666666666666665
nvt300_hold_extended_contained,17000,4.5,0.0025
nvt300_hold_extended_contained,17000,5.5,0.002533333333333333
nvt300_hold_extended_contained,17000,6.5,0.003
nvt300_hold_extended_contained,17000,7.5,0.0037
nvt300_hold_extended_contained,17000,8.5,0.004566666666666667
nvt300_hold_extended_contained,17000,9.5,0.0049
nvt300_hold_extended_contained,17000,10.5,0.004933333333333333
nvt300_hold_extended_contained,17000,11.5,0.005833333333333334
nvt300_hold_extended_contained,17000,12.5,0.007066666666666666
nvt300_hold_extended_contained,17000,13.5,0.0066
nvt300_hold_extended_contained,17000,14.5,0.007533333333333334
nvt300_hold_extended_contained,17000,15.5,0.0076
nvt300_hold_extended_contained,17000,16.5,0.0077666666666666665
nvt300_hold_extended_contained,17000,17.5,0.008866666666666667
nvt300_hold_extended_contained,17000,18.5,0.0096
nvt300_hold_extended_contained,17000,19.5,0.009533333333333333
nvt300_hold_extended_contained,17000,20.5,0.010133333333333333
nvt300_hold_extended_contained,17000,21.5,0.011333333333333334
nvt300_hold_extended_contained,17000,22.5,0.012566666666666667
nvt300_hold_extended_contained,17000,23.5,0.011733333333333333
nvt300_hold_extended_contained,17000,24.5,0.0128
nvt300_hold_extended_contained,17000,25.5,0.013533333333333333
nvt300_hold_extended_contained,17000,26.5,0.0124
nvt300_hold_extended_contained,17000,27.5,0.014766666666666668
nvt300_hold_extended_contained,17000,28.5,0.014433333333333333
nvt300_hold_extended_contained,17000,29.5,0.015466666666666667
nvt300_hold_extended_contained,17000,30.5,0.013866666666666666
nvt300_hold_extended_contained,17000,31.5,0.016733333333333333
nvt300_hold_extended_contained,17000,32.5,0.0171
nvt300_hold_extended_contained,17000,33.5,0.0166
nvt300_hold_extended_contained,17000,34.5,0.01863333333333333
nvt300_hold_extended_contained,17000,35.5,0.018233333333333334
nvt300_hold_extended_contained,17000,36.5,0.019
nvt300_hold_extended_contained,17000,37.5,0.0181
nvt300_hold_extended_contained,17000,38.5,0.019333333333333334
nvt300_hold_extended_contained,17000,39.5,0.0192
nvt300_hold_extended_contained,17000,40.5,0.019366666666666667
nvt300_hold_extended_contained,17000,41.5,0.0213
nvt300_hold_extended_contained,17000,42.5,0.021533333333333335
nvt300_hold_extended_contained,17000,43.5,0.0221
nvt300_hold_extended_contained,17000,44.5,0.0221
nvt300_hold_extended_contained,17000,45.5,0.024033333333333334
nvt300_hold_extended_contained,17000,46.5,0.024766666666666666
nvt300_hold_extended_contained,17000,47.5,0.0251
nvt300_hold_extended_contained,17000,48.5,0.026
nvt300_hold_extended_contained,17000,49.5,0.026866666666666667
nvt300_hold_extended_contained,17000,50.5,0.028566666666666667
nvt300_hold_extended_contained,17000,51.5,0.0288
nvt300_hold_extended_contained,17000,52.5,0.030766666666666668
nvt300_hold_extended_contained,17000,53.5,0.0298
nvt300_hold_extended_contained,17000,54.5,0.029133333333333334
nvt300_hold_extended_contained,17000,55.5,0.029833333333333333
nvt300_hold_extended_contained,17000,56.5,0.027633333333333333
nvt300_hold_extended_contained,17000,57.5,0.024833333333333332
nvt300_hold_extended_contained,17000,58.5,0.022433333333333333
nvt300_hold_extended_contained,17000,59.5,0.019866666666666668
nvt300_hold_extended_contained,17000,60.5,0.017233333333333333
nvt300_hold_extended_contained,17000,61.5,0.013433333333333334
nvt300_hold_extended_contained,17000,62.5,0.011833333333333333
nvt300_hold_extended_contained,17000,63.5,0.008666666666666666
nvt300_hold_extended_contained,17000,64.5,0.0069
nvt300_hold_extended_contained,17000,65.5,0.0063
nvt300_hold_extended_contained,17000,66.5,0.004633333333333333
nvt300_hold_extended_contained,17000,67.5,0.009666666666666667
nvt300_hold_extended_contained,17000,68.5,0.0039
nvt300_hold_extended_contained,17000,69.5,0.0028333333333333335
nvt300_hold_extended_contained,17000,70.5,0.0015333333333333334
nvt300_hold_extended_contained,17000,71.5,0.0006666666666666666
nvt300_hold_extended_contained,17000,72.5,0.0006
nvt300_hold_extended_contained,17000,73.5,0.0
nvt300_hold_extended_contained,17000,74.5,0.0
nvt300_hold_extended_contained,17000,75.5,0.0
nvt300_hold_extended_contained,17000,76.5,0.0
nvt300_hold_extended_contained,17000,77.5,0.0
nvt300_hold_extended_contained,17000,78.5,0.0
nvt300_hold_extended_contained,17000,79.5,0.0
nvt300_hold_extended_contained,18000,0.5,0.00036666666666666667
nvt300_hold_extended_contained,18000,1.5,0.0007666666666666667
nvt300_hold_extended_contained,18000,2.5,0.0014
nvt300_hold_extended_contained,18000,3.5,0.0019333333333333333
nvt300_hold_extended_contained,18000,4.5,0.0024
nvt300_hold_extended_contained,18000,5.5,0.0026333333333333334
nvt300_hold_extended_contained,18000,6.5,0.0030666666666666668
nvt300_hold_extended_contained,18000,7.5,0.003766666666666667
nvt300_hold_extended_contained,18000,8.5,0.0047
nvt300_hold_extended_contained,18000,9.5,0.0049
nvt300_hold_extended_contained,18000,10.5,0.004966666666666667
nvt300_hold_extended_contained,18000,11.5,0.0055
nvt300_hold_extended_contained,18000,12.5,0.007033333333333333
nvt300_hold_extended_contained,18000,13.5,0.006566666666666667
nvt300_hold_extended_contained,18000,14.5,0.007566666666666667
nvt300_hold_extended_contained,18000,15.5,0.0078
nvt300_hold_extended_contained,18000,16.5,0.007833333333333333
nvt300_hold_extended_contained,18000,17.5,0.008933333333333333
nvt300_hold_extended_contained,18000,18.5,0.009366666666666667
nvt300_hold_extended_contained,18000,19.5,0.009433333333333334
nvt300_hold_extended_contained,18000,20.5,0.010133333333333333
nvt300_hold_extended_contained,18000,21.5,0.011866666666666666
nvt300_hold_extended_contained,18000,22.5,0.011633333333333334
nvt300_hold_extended_contained,18000,23.5,0.012633333333333333
nvt300_hold_extended_contained,18000,24.5,0.012633333333333333
nvt300_hold_extended_contained,18000,25.5,0.0133
nvt300_hold_extended_contained,18000,26.5,0.012633333333333333
nvt300_hold_extended_contained,18000,27.5,0.015333333333333332
nvt300_hold_extended_contained,18000,28.5,0.014
nvt300_hold_extended_contained,18000,29.5,0.014866666666666667
nvt300_hold_extended_contained,18000,30.5,0.014633333333333333
nvt300_hold_extended_contained,18000,31.5,0.016266666666666665
nvt300_hold_extended_contained,18000,32.5,0.0171
nvt300_hold_extended_contained,18000,33.5,0.0172
nvt300_hold_extended_contained,18000,34.5,0.018566666666666665
nvt300_hold_extended_contained,18000,35.5,0.017933333333333332
nvt300_hold_extended_contained,18000,36.5,0.018833333333333334
nvt300_hold_extended_contained,18000,37.5,0.018666666666666668
nvt300_hold_extended_contained,18000,38.5,0.019266666666666668
nvt300_hold_extended_contained,18000,39.5,0.019433333333333334
nvt300_hold_extended_contained,18000,40.5,0.019133333333333332
nvt300_hold_extended_contained,18000,41.5,0.021866666666666666
nvt300_hold_extended_contained,18000,42.5,0.021133333333333334
nvt300_hold_extended_contained,18000,43.5,0.02266666666666667
nvt300_hold_extended_contained,18000,44.5,0.021933333333333332
nvt300_hold_extended_contained,18000,45.5,0.024133333333333333
nvt300_hold_extended_contained,18000,46.5,0.024166666666666666
nvt300_hold_extended_contained,18000,47.5,0.026
nvt300_hold_extended_contained,18000,48.5,0.025366666666666666
nvt300_hold_extended_contained,18000,49.5,0.0272
nvt300_hold_extended_contained,18000,50.5,0.0289
nvt300_hold_extended_contained,18000,51.5,0.029766666666666667
nvt300_hold_extended_contained,18000,52.5,0.028866666666666665
nvt300_hold_extended_contained,18000,53.5,0.0304
nvt300_hold_extended_contained,18000,54.5,0.0299
nvt300_hold_extended_contained,18000,55.5,0.02896666666666667
nvt300_hold_extended_contained,18000,56.5,0.0276
nvt300_hold_extended_contained,18000,57.5,0.024766666666666666
nvt300_hold_extended_contained,18000,58.5,0.021533333333333335
nvt300_hold_extended_contained,18000,59.5,0.020166666666666666
nvt300_hold_extended_contained,18000,60.5,0.0174
nvt300_hold_extended_contained,18000,61.5,0.0131
nvt300_hold_extended_contained,18000,62.5,0.011833333333333333
nvt300_hold_extended_contained,18000,63.5,0.008333333333333333
nvt300_hold_extended_contained,18000,64.5,0.007466666666666667
nvt300_hold_extended_contained,18000,65.5,0.005866666666666667
nvt300_hold_extended_contained,18000,66.5,0.004366666666666666
nvt300_hold_extended_contained,18000,67.5,0.0097
nvt300_hold_extended_contained,18000,68.5,0.004066666666666666
nvt300_hold_extended_contained,18000,69.5,0.0027333333333333333
nvt300_hold_extended_contained,18000,70.5,0.0016333333333333334
nvt300_hold_extended_contained,18000,71.5,0.0005333333333333334
nvt300_hold_extended_contained,18000,72.5,0.0006333333333333333
nvt300_hold_extended_contained,18000,73.5,0.0
nvt300_hold_extended_contained,18000,74.5,0.0
nvt300_hold_extended_contained,18000,75.5,0.0
nvt300_hold_extended_contained,18000,76.5,0.0
nvt300_hold_extended_contained,18000,77.5,0.0
nvt300_hold_extended_contained,18000,78.5,0.0
nvt300_hold_extended_contained,18000,79.5,0.0
nvt300_hold_extended_contained,19000,0.5,0.0002666666666666667
nvt300_hold_extended_contained,19000,1.5,0.0008333333333333334
nvt300_hold_extended_contained,19000,2.5,0.0015
nvt300_hold_extended_contained,19000,3.5,0.002033333333333333
nvt300_hold_extended_contained,19000,4.5,0.0022333333333333333
nvt300_hold_extended_contained,19000,5.5,0.0026666666666666666
nvt300_hold_extended_contained,19000,6.5,0.003266666666666667
nvt300_hold_extended_contained,19000,7.5,0.0037
nvt300_hold_extended_contained,19000,8.5,0.004266666666666667
nvt300_hold_extended_contained,19000,9.5,0.005066666666666666
nvt300_hold_extended_contained,19000,10.5,0.0051333333333333335
nvt300_hold_extended_contained,19000,11.5,0.0057
nvt300_hold_extended_contained,19000,12.5,0.006833333333333334
nvt300_hold_extended_contained,19000,13.5,0.0066
nvt300_hold_extended_contained,19000,14.5,0.007566666666666667
nvt300_hold_extended_contained,19000,15.5,0.007833333333333333
nvt300_hold_extended_contained,19000,16.5,0.007833333333333333
nvt300_hold_extended_contained,19000,17.5,0.009066666666666667
nvt300_hold_extended_contained,19000,18.5,0.0089
nvt300_hold_extended_contained,19000,19.5,0.009933333333333334
nvt300_hold_extended_contained,19000,20.5,0.0101
nvt300_hold_extended_contained,19000,21.5,0.011933333333333334
nvt300_hold_extended_contained,19000,22.5,0.012
nvt300_hold_extended_contained,19000,23.5,0.012466666666666666
nvt300_hold_extended_contained,19000,24.5,0.0123
nvt300_hold_extended_contained,19000,25.5,0.0134
nvt300_hold_extended_contained,19000,26.5,0.012433333333333333
nvt300_hold_extended_contained,19000,27.5,0.015466666666666667
nvt300_hold_extended_contained,19000,28.5,0.013966666666666667
nvt300_hold_extended_contained,19000,29.5,0.015
nvt300_hold_extended_contained,19000,30.5,0.014866666666666667
nvt300_hold_extended_contained,19000,31.5,0.016
nvt300_hold_extended_contained,19000,32.5,0.017733333333333334
nvt300_hold_extended_contained,19000,33.5,0.016833333333333332
nvt300_hold_extended_contained,19000,34.5,0.018366666666666667
nvt300_hold_extended_contained,19000,35.5,0.018566666666666665
nvt300_hold_extended_contained,19000,36.5,0.018833333333333334
nvt300_hold_extended_contained,19000,37.5,0.018433333333333333
nvt300_hold_extended_contained,19000,38.5,0.019766666666666665
nvt300_hold_extended_contained,19000,39.5,0.018866666666666667
nvt300_hold_extended_contained,19000,40.5,0.0195
nvt300_hold_extended_contained,19000,41.5,0.021666666666666667
nvt300_hold_extended_contained,19000,42.5,0.021566666666666668
nvt300_hold_extended_contained,19000,43.5,0.021866666666666666
nvt300_hold_extended_contained,19000,44.5,0.022433333333333333
nvt300_hold_extended_contained,19000,45.5,0.024033333333333334
nvt300_hold_extended_contained,19000,46.5,0.0246
nvt300_hold_extended_contained,19000,47.5,0.0252
nvt300_hold_extended_contained,19000,48.5,0.0264
nvt300_hold_extended_contained,19000,49.5,0.027066666666666666
nvt300_hold_extended_contained,19000,50.5,0.0287
nvt300_hold_extended_contained,19000,51.5,0.0294
nvt300_hold_extended_contained,19000,52.5,0.0302
nvt300_hold_extended_contained,19000,53.5,0.030066666666666665
nvt300_hold_extended_contained,19000,54.5,0.029466666666666665
nvt300_hold_extended_contained,19000,55.5,0.028466666666666668
nvt300_hold_extended_contained,19000,56.5,0.028
nvt300_hold_extended_contained,19000,57.5,0.024366666666666665
nvt300_hold_extended_contained,19000,58.5,0.020866666666666665
nvt300_hold_extended_contained,19000,59.5,0.020933333333333335
nvt300_hold_extended_contained,19000,60.5,0.0162
nvt300_hold_extended_contained,19000,61.5,0.013633333333333334
nvt300_hold_extended_contained,19000,62.5,0.011533333333333333
nvt300_hold_extended_contained,19000,63.5,0.008
nvt300_hold_extended_contained,19000,64.5,0.007666666666666666
nvt300_hold_extended_contained,19000,65.5,0.0059
nvt300_hold_extended_contained,19000,66.5,0.004333333333333333
nvt300_hold_extended_contained,19000,67.5,0.0098
nvt300_hold_extended_contained,19000,68.5,0.003966666666666667
nvt300_hold_extended_contained,19000,69.5,0.0029
nvt300_hold_extended_contained,19000,70.5,0.0015
nvt300_hold_extended_contained,19000,71.5,0.0006666666666666666
nvt300_hold_extended_contained,19000,72.5,0.0005
nvt300_hold_extended_contained,19000,73.5,3.3333333333333335e-05
nvt300_hold_extended_contained,19000,74.5,0.0
nvt300_hold_extended_contained,19000,75.5,0.0
nvt300_hold_extended_contained,19000,76.5,0.0
nvt300_hold_extended_contained,19000,77.5,0.0
nvt300_hold_extended_contained,19000,78.5,0.0
nvt300_hold_extended_contained,19000,79.5,0.0
nvt300_hold_extended_contained,20000,0.5,0.00023333333333333333
nvt300_hold_extended_contained,20000,1.5,0.0008333333333333334
nvt300_hold_extended_contained,20000,2.5,0.0017
nvt300_hold_extended_contained,20000,3.5,0.0017666666666666666
nvt300_hold_extended_contained,20000,4.5,0.0023
nvt300_hold_extended_contained,20000,5.5,0.0028
nvt300_hold_extended_contained,20000,6.5,0.0032333333333333333
nvt300_hold_extended_contained,20000,7.5,0.003833333333333333
nvt300_hold_extended_contained,20000,8.5,0.0042
nvt300_hold_extended_contained,20000,9.5,0.004933333333333333
nvt300_hold_extended_contained,20000,10.5,0.0051
nvt300_hold_extended_contained,20000,11.5,0.0061
nvt300_hold_extended_contained,20000,12.5,0.006366666666666666
nvt300_hold_extended_contained,20000,13.5,0.006733333333333333
nvt300_hold_extended_contained,20000,14.5,0.007666666666666666
nvt300_hold_extended_contained,20000,15.5,0.0082
nvt300_hold_extended_contained,20000,16.5,0.007633333333333333
nvt300_hold_extended_contained,20000,17.5,0.008466666666666667
nvt300_hold_extended_contained,20000,18.5,0.009333333333333334
nvt300_hold_extended_contained,20000,19.5,0.009966666666666667
nvt300_hold_extended_contained,20000,20.5,0.010366666666666666
nvt300_hold_extended_contained,20000,21.5,0.011866666666666666
nvt300_hold_extended_contained,20000,22.5,0.011766666666666667
nvt300_hold_extended_contained,20000,23.5,0.0122
nvt300_hold_extended_contained,20000,24.5,0.013
nvt300_hold_extended_contained,20000,25.5,0.012966666666666666
nvt300_hold_extended_contained,20000,26.5,0.0129
nvt300_hold_extended_contained,20000,27.5,0.014333333333333333
nvt300_hold_extended_contained,20000,28.5,0.0146
nvt300_hold_extended_contained,20000,29.5,0.015066666666666667
nvt300_hold_extended_contained,20000,30.5,0.014966666666666666
nvt300_hold_extended_contained,20000,31.5,0.017066666666666667
nvt300_hold_extended_contained,20000,32.5,0.0169
nvt300_hold_extended_contained,20000,33.5,0.0172
nvt300_hold_extended_contained,20000,34.5,0.018233333333333334
nvt300_hold_extended_contained,20000,35.5,0.018466666666666666
nvt300_hold_extended_contained,20000,36.5,0.0187
nvt300_hold_extended_contained,20000,37.5,0.018733333333333334
nvt300_hold_extended_contained,20000,38.5,0.019466666666666667
nvt300_hold_extended_contained,20000,39.5,0.018666666666666668
nvt300_hold_extended_contained,20000,40.5,0.0199
nvt300_hold_extended_contained,20000,41.5,0.021766666666666667
nvt300_hold_extended_contained,20000,42.5,0.021633333333333334
nvt300_hold_extended_contained,20000,43.5,0.021866666666666666
nvt300_hold_extended_contained,20000,44.5,0.022866666666666667
nvt300_hold_extended_contained,20000,45.5,0.023733333333333332
nvt300_hold_extended_contained,20000,46.5,0.025266666666666666
nvt300_hold_extended_contained,20000,47.5,0.024833333333333332
nvt300_hold_extended_contained,20000,48.5,0.026266666666666667
nvt300_hold_extended_contained,20000,49.5,0.027766666666666665
nvt300_hold_extended_contained,20000,50.5,0.028133333333333333
nvt300_hold_extended_contained,20000,51.5,0.030266666666666667
nvt300_hold_extended_contained,20000,52.5,0.029066666666666668
nvt300_hold_extended_contained,20000,53.5,0.03
nvt300_hold_extended_contained,20000,54.5,0.0303
nvt300_hold_extended_contained,20000,55.5,0.028066666666666667
nvt300_hold_extended_contained,20000,56.5,0.027766666666666665
nvt300_hold_extended_contained,20000,57.5,0.0239
nvt300_hold_extended_contained,20000,58.5,0.021233333333333333
nvt300_hold_extended_contained,20000,59.5,0.020266666666666665
nvt300_hold_extended_contained,20000,60.5,0.016633333333333333
nvt300_hold_extended_contained,20000,61.5,0.013033333333333333
nvt300_hold_extended_contained,20000,62.5,0.011833333333333333
nvt300_hold_extended_contained,20000,63.5,0.0074333333333333335
nvt300_hold_extended_contained,20000,64.5,0.007266666666666667
nvt300_hold_extended_contained,20000,65.5,0.006366666666666666
nvt300_hold_extended_contained,20000,66.5,0.004066666666666666
nvt300_hold_extended_contained,20000,67.5,0.010033333333333333
nvt300_hold_extended_contained,20000,68.5,0.004066666666666666
nvt300_hold_extended_contained,20000,69.5,0.0029
nvt300_hold_extended_contained,20000,70.5,0.0014
nvt300_hold_extended_contained,20000,71.5,0.0006666666666666666
nvt300_hold_extended_contained,20000,72.5,0.0004
nvt300_hold_extended_contained,20000,73.5,0.00013333333333333334
nvt300_hold_extended_contained,20000,74.5,0.0
nvt300_hold_extended_contained,20000,75.5,0.0
nvt300_hold_extended_contained,20000,76.5,0.0
nvt300_hold_extended_contained,20000,77.5,0.0
nvt300_hold_extended_contained,20000,78.5,0.0
nvt300_hold_extended_contained,20000,79.5,0.0
